-- phpMyAdmin SQL Dump
-- version 5.2.0
-- https://www.phpmyadmin.net/
--
-- Servidor: 127.0.0.1
-- Tiempo de generación: 06-06-2024 a las 18:55:17
-- Versión del servidor: 10.4.27-MariaDB
-- Versión de PHP: 8.0.25

SET SQL_MODE = "NO_AUTO_VALUE_ON_ZERO";
START TRANSACTION;
SET time_zone = "+00:00";


/*!40101 SET @OLD_CHARACTER_SET_CLIENT=@@CHARACTER_SET_CLIENT */;
/*!40101 SET @OLD_CHARACTER_SET_RESULTS=@@CHARACTER_SET_RESULTS */;
/*!40101 SET @OLD_COLLATION_CONNECTION=@@COLLATION_CONNECTION */;
/*!40101 SET NAMES utf8mb4 */;

--
-- Base de datos: `andercode_helpdesk`
--

-- --------------------------------------------------------

--
-- Estructura de tabla para la tabla `td_ticketdetalle`
--

CREATE TABLE `td_ticketdetalle` (
  `tickd_id` int(11) NOT NULL,
  `tick_id` int(11) NOT NULL,
  `usu_id` int(11) NOT NULL,
  `tickd_descrip` mediumtext NOT NULL,
  `fech_crea` datetime NOT NULL,
  `est` int(11) NOT NULL
) ENGINE=InnoDB DEFAULT CHARSET=utf8 COLLATE=utf8_spanish_ci;

--
-- Volcado de datos para la tabla `td_ticketdetalle`
--

INSERT INTO `td_ticketdetalle` (`tickd_id`, `tick_id`, `usu_id`, `tickd_descrip`, `fech_crea`, `est`) VALUES
(1, 1, 2, 'Te respondo', '2023-03-28 23:56:08', 1),
(2, 1, 1, 'usuario respondiendo', '2023-03-28 15:57:54', 1),
(3, 1, 2, 'Para resolver tu problema reinicia tu equipo', '2023-03-28 15:59:18', 1),
(4, 1, 1, 'Listo se resolvio el problema gracias', '2023-03-28 16:00:20', 1),
(5, 1, 2, 'Gracias por confirmar', '2023-03-28 16:02:29', 1),
(6, 1, 2, 'correcto', '2023-03-28 16:02:29', 1),
(7, 8, 1, 'usuario respondiendo', '2023-03-28 15:57:54', 1),
(8, 8, 2, 'Para resolver tu problema reinicia tu equipo', '2023-03-28 15:59:18', 1),
(9, 1, 1, 'test', '2023-04-05 07:51:07', 1),
(10, 1, 1, '<p>Aun hay problema</p>', '2023-04-05 10:07:00', 1),
(11, 1, 1, '<p>no hay problema</p>', '2023-04-05 10:14:50', 1),
(12, 1, 2, '<p>todo claro</p>', '2023-04-05 10:27:12', 1),
(13, 1, 1, '<p>gracias</p>', '2023-04-05 10:37:06', 1),
(14, 1, 1, '<p>gracias</p>', '2023-04-05 10:37:59', 1),
(15, 1, 1, '<p>de nada</p>', '2023-04-05 10:40:30', 1),
(16, 1, 1, '<p>salió este problema</p><p><img src=\"data:image/png;base64,iVBORw0KGgoAAAANSUhEUgAAAYIAAADFCAYAAABZ0PXpAAAgAElEQVR4nO3df1xUZd74/1dIIxpDk5ARQTGmAi2YtIyZqBuWBZVi3mGbjd2F5YrbotunaH/I7r1p7R27327x3qR1jXvvnNWS1kRcoWzFFUFzKEi8BcQYUhoJhxwZwmEc8PvH8GNAfgoIyvv5ePioOec613WdU17vc/0451x38eLFi4hhZ5cRlufDN+eHuiaXGjsKfj8F4icPdU2EEAPBZagrIDp37sLwDAIATUCVdahrIYQYKBIIhBBihJNAIIQQI5wEAiGEGOFch7oCom9crgOFU/huuggXLoLzlL8LcL0LXHed4/dFoPEi2JtgtAvcNqbncuwXwXje8U9xFak/jb7wBMZaO40ALgq8J4dyr/9YRg113cSwNSCBoLraxNZtH5F78DMMFV9TW1vHLeNv5u4pPyDyoQeYEzGTMW5urekPHf6cn7+8mprvzvapnF+9uoqFCx7FQ6nsdL/V2sDPfv4LcnIP0dR0kZ/HL+fHMQu46SZVp+kPfZbPW8nvUHjkaKf7VaobmXinmsei5jL3wfu52cuzdV/+54X894ZNHPwsv0/nsGRxDIm/+n99OqbFqOvg3/zgg/vatuV/51hd9LnTpbz7JtBNh7s8HL9NDfCnE/DaUce+zx7suaxvzoPmEzgtk8JXkToK80s4Ve+0qclGVcnn6N1mMd17yComhrl+B4IPPtzB75OSqa9vv8Sl6ttqqvZU8/GebELvDiHpjd/g53cbLi6DNxq1c1cWX5V/TVOT4zb2w+07CZ0awr2ae7iu5fa4D8zmc+R/Xkj+54XsP3CQny5fSkhw0EBXW4iBUWvk2/rOdtg5U3UGvG++0jUSV4l+BYIdO3fzH2uSaGxs6jZdwZdFvLjqF2z68zrG3+zVnyK79Zn+C86cMbX+PlVp5OTJSu4O+QFjxrh1c2TP9u47wC3jx+M57iZ8fOTW6nJsz8oelHwXRkYMSr5XnQvNw0Gdudj931Exsl327fn339fz+6TkToPADTeMZcyYMe3uwkvLvuKTf+6joaHhcovsVtmJcr4+eYoGm63d9n/lHKTyG+OAlLF123b+kfUpV/MzeOft8H/n4Ng5MNS133ehCcrrHPtLax1zD+LqUf7Vt3Q1knfh25Mcs3Wx04mlMI2UP6eQfery61GTl0zCKzpKe1HepYxk/zmFlA+LsHS2d19Kv+s3PDSf576BaZv667J7BJ/pv+Bcbfv/VC/GLWXJ4hhUqhtpbGwk8Xf/ScY/PsZmuwDA3r05zIt6iOnTfsjB/Zntjv19UjJp23dSV/c9APfPDuc/Vr/S67vvv3+0i6+/rrxk+55/7iPq4QeYoL6DUaN6ni57KX45j0bNBRxzGZu3pFFSWta6v7GxkcamJsJ+OJX/ffdP7Y59+51Ukv+0sfX39Glh/GzF82jCpvbqHAbbRaDoHARnOeYbNOPgoNN8wbcN8EQeFPRt6kYME+OUbvBdF6FAMQZlL/62207lkropF+29cUT4XU4tLBzZrSN7nw+BFVoC+vz0eQ1HNqWim+HDoidCLt17JJXUzfSjfsNF83kumUnc/T5DXZnLDwQlpWXt7ow9x93EsqXP4OY22pGxqyvPP/c03rfcwumqb6muPoOr6+CsW7DbGyk3fE3d93Wd7v/KYOCs+RxenuN6zOumcSr8/G4DwM/vNr4qr+DEVwbsdjsAJ09WYjRWcXtzGtF7MoQzuFRBk/GrOsKpSzrdLqjumIjfFVksriTid1lse16B2v9KlCcGwmUHgtEKRbvfNd+dRbf1Q/5twaOoVDdy3XXXcecENStffKHflezJ7qxPKTd83eVcxfaP/sE9U6cwc8a9lzVp7Gy02+hLzl2I4eEmlGOASwKBK0pV/+bIWtR8upaV78HS/1pNRMsiuiId2j9kEfmKDm0I1GSnkOicpt5A1qYUdB/nYkDN3WGRPPdTLZrxA1KlS/IPf1jL0uciCVB2qPNrT1P7wR9IuyUO3bOge+ZNsua+SvJkPW+u30ZuJQTcv5RXX40hYGxz3pZSsrbo2Llfz5eVoJ4WhfaFWCInK9uf+0vJBOS/SfJHuRgIYM5zr5L4RAAtLYXtqyxS3tGRediIx7RoVsbP6Pz65utY99ed5H5mwuvecOYvWYX2Xk+n8yi59KC5r6JbcmnvqS8u+x4hODjokkY16f/7b+6dFcm0mQ8T89RSVv/29/xz737OWwdnXqBFTu5Bqs+caf0d8oMgPMfd1Pr7dNW3fGOs6tP8hNVqZW92DgWFRa29AQDv8Tfj5dVzz0KIK8+FSRNuoWOTf72nP3d5dnpA3503UVpsotZ5VrqxhtLiUmoaO0tjIfsNLYl/NxEev451v4ghwKJj1evp1HRXjs2GyWzB0uFPbcd5h/oikv99EYkZdWiWJ5G0PJzRn61BG5tMUcsKqvMmSoszWf3vWlKO1NLyQEVNcSmlm5bz9J8N3DY7mugQG0W7k0jYUtp8oJH0X2pZs9OC/+xotIvn4FGoI/HplaS1zFE0n3vKyqdJOXUb4fOjudtWRNabCeiKm9NUZ5EQm4juMGgWxBDhY+Ld5avY1uFUjBmrmB+XgkE1n4Q/JRDjV0Pqi/NZldH5PILtdCmlxaXYcO/uSvbKZfcIwu65G/87/DBUnLxk8vTcuVq+LPo/viz6P7b9PZ0J6jtY+7tfMnVKMK6uA/sM26lKI1+frKShoe3/kCdjFrD/wEH27c/D1jx5vOfTfUwJDuKuoIBu80v8j/8k8T/+s9N9bqNHM2aM26AugRWiP0aNv4Gx0G7S2M3jZm4YqgpRwZGPbfBkHHEPawDQzIoi1qKg86eBmuUnoZ2b1GPuhr+vQVcRzuqd64i+FSCc8AemoIxaxX/tjiH1iZbxdy8WJelYeW9LqUWOfzywlrRfR6AcBTTOwetxLSlFJdQQgCc+RP06nZnjffBsGdWe7UX0MynkFtUQ49cWXaN+l8bq+5Xt0hw5UQNBnhS9v4bceh+0KamsDHP0EeKen8PaOQmkt2RgySb1j7l4Ld5A6s81jp7EvZGE+cey6I869A8noHlwNbqWOb3T6az68Vq+mbWadYvVPV6nnlx2qzxq1Cj+c20iP/np/+Os+Vy3acsNXxP7wkpSNyYz9e6QAZ0r+HD7Tr4+WdkajNzcRnPLLTcT/IMgCr88SnXzctKc3EPMe/RhJk+aeNnl//jJhTwSNbffw0sjlSwfvQLqL3Chw6Ym+3lgqIYzA5ixWIluywrCswMInx1J+MNziArpYYI0SMuan86gY0emdMcKkj9t+VXDkXwDeHpRujOFlNZUFow3QlHeEWpaA4Eaf3UnoUfl5QgCAKO88OzYptYfQfeLBPTfgoc6kuceV6IGOq7TVaqc8vb0pC2bGsq/skGQlvlhTv8NlF7tA+FXR0ivh4CafN79s9NDqkagPp380gQ0LaM/9UUkx68ll3DW/CIanwFoTvt1azv17mA+SvtfYv5tPqobPeiufbQ2NJD8p41Y6jqf0L1cpcdPYLG0rV566IH7ueN2Px57ZC7+/re3S/tVuYHvzl7ekpj5j0Xy5BPRvZpwFuJKa2yoofxYIbsPnLpk2eX3p74g48BRys7Yun7OYNAo0MSns+2tBBaFeWDcn8LaF6KJeCUdY3eVuckfzb2aS/7cfWtnRXQMckoCHo0ldsZt/Qt/5mzWxCayzRxO3GvJrHkugIqdaeReTl43KBjdi2SKjo26j4bY57UEtr4cwUbRpjXoKtRok5OIHKB5ln6P0/jc6s3rv/sVv0tM4MRXBk5VGjGeruLEVwb2/PNfnD1rbr1b/0z/BTU133GjhwcuLv2/q87+1wEMFSex29v+jzpnsfDhRxkorr8es9mMi4sLTU2OSeQP0tK5e0owD0TM6vKufuzYMdjtja1DSgCxzy7m+ee0EgTE8HPhLMcKjlHyXfeL9i/UnaHo8zMUubjh84NQpt82MJPHANh7SqBEPSuGlbNiADB+uIroN1PJ+iqa2H593EiJj58C8hRMeTKOyM7fJNP9XER3Ko6QVQ/an8QR7g/gSczyp8nNWNunOnr5AB/mcsQcjU9LHRs7LPP19CEEqPGbQ9zzXQ9fGzMSWL7ZQMjL21g5deB6eZcdCP686T0OfZbf2shPnnQnr7z0IoEBk1rTzHvkYeJ+9jKW5mcDAM6eNdN0RyMuLv2fK/h4zz6+/fZMu23/2p/Hv/bndZrefO4c31afwdrQ0O7dR85WLHuOE+UV7NyV1RpADn32OffdG8aPZnU+03+lXASaOiyMUrqC+oa2dw1dh+MLYrc4nV7TRWi48reCl5AhnAHW9C2HDhzD2Je1GE1WjEUH2ft9OHMmd92QfPlRCimfOW8JJPonEYweBZDL395LZ8KjgXAyl5Q/6rour7GU1GfWYIiMI/bhKXgpLBgqjIAazy4a7t5ToHk6gfCMtax5JQXlrxcxRQWm0r38bQc8vTYGdX+GTZob59w8PbGhGpSjwJifjwHo/ai8As3DWnw+1LHmp8k0vBJJIAZyNyXR7qr5RfPzJWnE/jmRtapEYh/0R2kxkrs7mSMh60iYoYDjqax6LRebZyRRfib0nzW/RcErEM2d3c649OiyW+PGxkbyDulbA8Hh/AIeiZzLlJCg1snU42UnsHdY0umudB+QydYzpu8wVJzkvLVvb0X7R+YefhAUwNS7gzvdf6PKg3s19/Dll0cxfH0SgGPFpeQd1PODuwKHtFfQdBHMFxxfB/NubujvVMJLgXCu+YnhQCX8bDJ4Ov0dt9jhiNnx7zeMgkAPx1tMAzv8v6O4zvGiOhccTxkXWxz/FMNTY8U3fQsCTsxVFZgnT6artrhod2rLdGozLTN/EkHI/UuJnawn9YO1xH4AyhAta17Wol/dVTDwQfO4mr3/vYpF65s3jQ0g+vcJRA/EsMat0SSlQtJvklgVk9q8UYlmyZpeDcV0yy+axFf1LH1zBXM246j3cxr6+gSRYupKUtZaSHhDx9oXdI58Elei/WytUzBQEPLTFDaMTeTVN2NJf7N56+RIVs1oABTUlB7BAFCTRdLKrLYClqSij+/f8tHrLvebxYVfHuXHS5a13jWD4yGykOAgxri5UV19hvKKk+32+952K9u2vNtpY9rXJ4vf+cv/8t7fPsBk+q7Pdf/9mtVEz4sk//PCS94+uuY/fsGTTyzgjaR16LZ82Lp01NV1FAkvvci/L/lxl8NKA/lk8d++Bu2hS7ffNsbxreCEwN7lY78I/6qGR/Y7GnWNZ//fPuo2Cn4+Gd6Y0rs6iMFhLj7I3q8v8/WwipuZPieYy32m1Wa20KBQohzbc9p2xzAapWpwJq5tFgsNjTBaqbx0rL1/GWOpH4B8G21YLA0959Ocjj5e3/647B7B1LuDuf9H4WTvO9DaK7Db7RQUFnV5zItxz6N0H5iFbIVfHuWcubb196SJE7h32g9R3ejRLt25c7Xs3XeAb4ynW7cdP/EVZ0zdjxw++cQCTp36hn9m5wCOp5d3ZGRyxx1+RPxo5oCcw+U4bYVPqmChL0zsxfLhr7+Ht8vA1uQYNhLXDlXQfSwcopfhKlTKPk/EXs4xfcpfOUj5K5QoByLjUYreBcHephtA/Rqofy3xVWIrjZSdKO/xRWzLlz1L5ENzGD263x029PmFnDxVyQWnB72eXfJjHo2ay9ixl3515dy5Wr6tPtN6d5/2951MnRJ8SdBwducEf+6eEswXhUWcPesYVzlWfJyDh/SEBN81ZENETc13+M8fhj9MdbwvqKt0xRZYfQR2fHNl69gVWT4qxPDUr0AwfrwXH+j+wtvvpPLBhzuwWC5dGhoUMImVP1vGrPDpXH/99f0prtWuzI+p+ra69be7+w34+d3W5aumJ026k3GHP299pqCu7nuqqqp7rI/2qSeorDSStn1na6DTbf0Qb+9biP33xQNyLpfDfhH+dQai/gUPeTt6B3erHBPHtXbHm0V3nYaPKqHjYpKzNujiQcV2ahrAOgwmmIUQg++y5wg6sjY0kJ9fSLmhgnO1Fu643ZegwMlMUPszapQ8idtXXc0RDAeXO0cgPQIhhqcBe9+D2+jRzAy/l5nh9w5UluIaIw22EMOT3KoLIcQIJ4FACCFGOAkEQggxwkkgGKZuvN7x8Nhw5ELbk81CiKufBIJhavbN8Ntg8B5mwcBtFDzqA89PGOqaCCEGyoAtHxVCCHF1kh6BEEKMcBIIhBBihJNAIIQQI5wEAiGEGOEkEAghxAgngUAIIUY4CQRCCDHCSSAQQogRTgKBEEKMcBIIhBBihJNAIIQQI5wEAiGEGOEkEAghxAgngUAIIUY4CQRCCDHCSSAQQogRTgKBEEKMcBIIhBBihJNAIIQQI5wEAiGEGOEkEAghxAgngUAIIUY417xiw1DXQQghxBC67uLFixeHuhJCiL7JKzYQcOv4ISnbZLEQ4OfdjxxqSF8ZSeqoGCIDlK1bLUVppBVNYfX764i+tf/1HBYKk9H8jz9ZydF4XoHiitZreFedxbp5fSvNdZDqI4QQ3VJHLCWuXYOlZcov55D4Xi5Rr4ajGLKajTwyRyCEGCaUaGaEg9GEpWWTpZT0N1egfTScOTErSNysp6bR6ZB6Q+v+8Ee1JKzPorT14CJ0z6wl+7SR3PUJrXkkZRiwtSvXhuHjZBKeWcScH0WifTGJ9OMWp/01ZL+uRVfUnO7pSMLnLiJhfS5G57o01qDfnMiKmDmEPxrrqKv90rO0HE8n6UUtkT+aw6IXE9F9VtN1Wc/oKOrqctXo0f12BYvmhhP5QiK6/Bqs7RI0n39N+8OKNmtZ+2lNu3wkEAghhgkbJcf0oPRw9Abqi0iOTaTorpUkf5TL3v9dzfz6FGJeycLRjFnI/qOWdM84kj/KJfejFFbda0D396LWhr6mWE/K66kYZ68i5W9Z6H49A9P6RWj/WtpaaunmWLSbLIT/MoX09DSSlihJf2EpyYVt4aK2upSd/7mGrLHzefXtNHauf5rRn64iJdvSWveit+NYleXF/D+kkfW3PxDrn8+6/8ptf4aFySz9dREBP01m59696F6dj2VTDKt217Qra++GBJJPBbD0l1H4d3ap6otIXr6KLNV83vxbFmmvx6L+fB3JOe2T1RSbqG3scOzZUkzn2+cjgUAIMSRMJ/ToP2v5k4VudSwJu9XEPRmOEijdspq9D69h9bwAPBXAWB80P1lLnDmF9GIAI4Z8JZp7Qxz7FUp87o1jzbMhTsNKSub/fDUxU31QqpT4TNWy9g9aGv4nHb0NMGfx7noFq/6wmuggT0eae+N45/dhbPuNjlKnRnTK8kTiZqnxVCnxDIpm0aMKso5VOHZWZ/LuZndWvb6SSH9PlCpP1LPiSFw+pS2DxlJ0v9lL5GuOshSjQOGnIe43cdS+k96uLK8Fa1j3fCQBQZ60zaK0qfnnu+iUq1gTH4l6vBLleDXhP0kkLqRv/w1a8pE5AiHEkDB8qiO5AGg0YTgOdy+J4520aELGA9RQUmQkIMyE/rPa9gfe2UB+qZHYoAAil09BGzsH/SPRRM2IJHxWAD5jnRN7oezQkipCZjCnfi1FFaCpLyU7KIq4DrfdirBwok+nUVIDAc1z8kpl+1kLHx8NtCy6NFaQGxZNQsd8nAuvKeHI6QDCzurRf9Y+3QRbPiXVsQQ0T5LfdktnzX8boyEXzfwE1KPalYaHqtvDusxHAoEQYkholic3r26pIeul+aQyobXRhQZsFjCdOEJ+fYcDvaIJaW7wfB5JYu8MA0Wf5bM37020qysI+52OpEd8ui54lBtgoqEBbA0NcJMCj0vSKBjdh3OxNTSAgu6PabBRi4nSonwsHXZ5Ph6CRyfzCV2UhtUGilF9qWH3+UggEEIMMU8iX0kga/4aUmbrWDlVAXjhEwA2v0jiFqu7P1ylJuRhNSEPx7DyaR3aF9IpeiQOxyiJDTqOkVeUoGcOS/1BUaMmIC8XvTmaSOe76eNF7B3rw+pe3mErbvLCJ6+UEhuEd7Xc6RYfArHh82Ac2jt7l28XpeHh5UPusRJs83paXWXC1jGQdpKPzBEIIYberdEk/NoH3espFNUDKAh/PA7bn5NJc17BYzOQldE8GdxoJGtTmtMqIbDV1mC5cbRT4/glaanpbWkajaSvX4fhiUjClYB/JEsfziV1fVbbCiCLnuTfpDD6uWg0vV3DOjkSbUgayetz21Y1mYtIfXtbWxpFONE/tZHydoc6V2SRXth+HVNPAh7QEvJhMuty2iaZLYWp/NffnVO54xNUSm6+scs0LflIj0AIMSz4zFtJws5FrNk0B118CIrJsbz7Jx2JP48kZawanzE2jKfdiYx/lfBGUIzyIuAWA2sWhmMcr8YLE4bqCcStX0dAa64aYh72IG35HA7YFFgqahj9YAK6n7XcSSuJ+JWO2v9KJGZ6ErdNVvDNcRt3x6fy7uKArqraWe2J+cM6jK8kEjkd1P5guiWW5KcXkfJRW6qAJe/yzpZEVj6WgscdPijOGzEqI1n5i3Doy5MTfjH8IdnIK7+NRIMaNSa8nklmyYIU0lsTqYlcriX9l9GE/08At2Ei4LkUlv5bCmkd8pEni4W4Cl3dTxb3nc1ioaFxNEpV542lzWyhgY77i0jWvIv/P9YRPb45jUKJcmynWYDNgqUeRiuVKEZ1kaa3dWX0JZPL7TTasFgaoLv69EZLPmOVdFlcc5ruzkt6BEKIYU+hVHZ7v6xQdb+/V2kU3TSmfdBTXQEYpegyqPVJb/LpRRqZIxBCiBFOegRCiGtUCCv164a6ElcF6REIIcQIJ4FACCFGOAkEQggxwkkgEEKIEU4CgRBCjHASCIQQYoSTQCCEECPcoDxH8PnuQqIrm38oPSh4agI3Y2T9xmqSmjdHBd/BX2bcBCWl+O5v+VzOKP70eAgLbh6MWgkhhOjMIPQIjORWOv201LK1BCixtAYBgMyj1XwOfF5+3mlrI/8oOzvwVRJCCNGla2RoyEzBrq1sfT+n9YNBvVF1aDMbNmyn2NpzWqjioG4DG3YU06vkQghxlbhGAoGVqvIyyo5XYO71MWaKCw2YTCUcLe9N8mIKyk2YSo72KdgIIcRwNwhzBD6E+1ZD6/DQGMIDAZQk7D/fNjzkq+SHABPGQGXb8FDIuJsGvkqdUhERuwxfoxuT/HtOjSqCZct8OeU2iR6+lySEEFeVQZks/uEjU6m8ZKsP8ct8iO+4OTCAysCBr4Np30ZS80EzfxbWvEwKKuuwu3qhnj2fJTN8HWnydvJRPmieWUbEeAA7VYd3sjPvBKY6Kyi88Auby+NzJuGOiZxdH6FHQ+zzEXjhnL6Eqlo7rm5e+IVFMO/+IFTXSF9LCHHtG4RA0H51UOtKoBrn1UG0riY66bzCCKfVRP1kt1qx1pvJ2fYRKh81av+znKowYfh0J9mTVxDh1ZIGrM0fja7M2kDqYTOM9UI90Q/MpzAc2MoWt5dYNsOOtd6KFSst35huTe/ujXqykgsmA4YDaWw0zmOFNhT3fp+FEEIMvivwGupGTtZ0stlygZODXrYbwU+8xMJAx2ma9m5gwwETlSeh+Za+jTmbnYfNoNIQ+2IUvs139KYqE17e7kBdh/Q57M7vmL4O/XvrySzPJPNYKDF3De7ZCSHEQLjGBzDcGOPRFuu8VMquk5ZXYgJ8wyJagwCAl3fHiNGSvoKqpo7p3dHMDMENO6dPVvW38kIIcUVc44Gg765XuPUvvcJVvvYjhLiqDMqqoU4nheliUrjTieUhME6FO3DqmJ66ME3b+H4TnYdLby9UGDhVUoA1LJSWcFB1tIw6wFelugKVFkKI/pOb1xb+EURMKCajPJON79cRMcUbqgrJzjvDpMXLmDehQ3qfWcyaUERGeQYb3zczK1BFXaWeg4WOeYOHpvWtZyGEEEPlCqwagoTZU4mnw6ohxpC+LAAGadVQ37kTujgW65b32HM8h4zjjq2u40MJHN9Zo+5O6OLFmN/bRo5z+nHBLHw2qt08gxBCDGfXXbx48eLAZnm1BgIntjrM9XZc3VS49+bGvq/pheinvGIDAbeOH5KyTRYLAX7eQ1K2GBwyNNQZhTsqxSCmF0KIYeQKDGCM4nbPTjYrr+f2wS9cCCGuKjaLBYvFdkXLHIShISHEYLu6h4YsFH2o40DHB0091cwJn0PArcOje12Tl8ybH3my9HUtAQNUJdvxNNb8xcCcVxKaX2vTnjFjFdr3A3jznTg03Tz2NNBkaEgIcYXZKM9JJTXv0j2prCFgwVqSfhGBz6grX7M2Fo7s1pG9z4fACi0BkwcmV0Oejqx9Rng4jogH27f0xt0JrMqLQPde9BU/d+kRCHEVurp7BDWkr4xkbZ6WVP1KQpq32mpKyXw7kbUZBtRLUtHFhzCkfYPGGgynFKj9B/DWvNGC4ZQNtf+l4+U2swWUShRDEABlkaMQYlhQeAYQ/et1rJ4Bhs2r0RU77azRo/vtChbN1TAnZgWJm/XUNDrtrzeQtT4B7aPhhD+qZcVvdeirnfY3Wij9OJmEZxYxRzOHRS8mostvGZsqQveMFu3mImryU0l4JpGsaqjJTiHxN8lkNyer+XQt2mfWklWsJ/UVLZE/cuSTVmRpfyKWUkddYuagmbvIUZeWoo6lk/ibleiKnNJXO85NGzOHiPlaEtZnUeqcZZEO7TNadIU16De1nGMsiR+WMlAzCRIIhBDDxygfop6MAYzsPdL8CajT6axauIKUE57Mf3kDCU/6U/PeCua/ko6xEcBC9htaEv9uIjx+Het+EUOARceq19NxtL82it5eina1jnyPMGKejyGMXJLjVqKrcBRRU1xK6ablzP9lFkZGM3oUcN5EabGJ2paAc95EaXEma+ITOeIVTvSCcNxLs0iKXUpKUXOTXF9EcqyWxM35eITFEPtEGOQlsyJe5/igVWMNpcWlbUHsdDqrYlaQnGcl4JFYtLO9OPL3RLSxyRTVN6dpPj1b17EAABk+SURBVCZl5dOknLqN8PnR3G0rIuvNhPbBsh9kjkAIMawo1AFoAP23dYCF7L8kkXujlg1/WYlmLICGyDA1sTFJ6PKjSLi3giMf2+DJOOIe1gCgmRVFrEWBEuC4jtWbDfgs3kDazzXNw01LWVoNns6ja1NXkfZWTOv4fGcvTQY1cW/r0DbPGcT9OIxV89eS+kEu2pAIjNtWo6vwQZuSxsqw5oGtJUupwZNLB4Oaz60+nNXvryP6VsfWpQ8kExOnY/W2SNKfDWhNHfW7NFbf3zxMNduL6GdSOHKiBoI6W5bZN9IjEEIML99WoAcUowEqOJJhA6WJ/M0ppPy5+c/HRwAb6YWlQAAzFivhgxWEP6ol4U0d6YUmRo91ZFdTegQjAWgf1zjNOSjwHN9hBuLOwF5M0nqhdH6N2K0ziZgBfHyECmooKTBCkJb5YU55j/XEc2xneTWf2xMxRN3atlURNh9tEBgLStoFI6Xz25M9PQf0S4kSCIQQw4iNov17AYgOabsbZnTHdD5ono9FG+AJKNDEp7PtrQQWhXlg3J/C2heiiWgdOgLwaA4sA02BR8e55BsUl1a32ywUHSbFR6O4ob/16hsZGhJCDBvGj5NYs9kI/nFE36sAPPEJAUxq5jwfS0CXd+xK1LNiWDkrxpHPh6uIfjOVrK+i0Y73QUEa2Z8ZiV7g03ZII9DnFTo2x3Et6o+gzwFm+OODEqufAj7IRn86unWop+tyfPCfAWTnUfRTDSEt0aBaT3Y+KJ704Uo9SiCBQAgxRL5k259TOABQb6QoLxd9hQVUEaxZ39Lo+xAdryXthRQSX1eS+Fwk/koLxs/SSS6awrqXw1E0lpL6zBoMkXHEPjwFL4UFQ4URUOOpAsWdWhJmpbP29VWsta8k5gdemP4vjeQPFLzylwQ0fXpjvJ6kl9diWx5NoPIbDry9hrR6BZHz5uCJAs+nEwjPWMva+LXY4mOY4mXiSFoyaWNf4d2XNR0adk+intPytxd0rHxJScLzGm6zlJD+zjpyCWf105ortnxWAoEQYogUkbWpbR2l0l9DZPxzrFqswdPpDloxdSUpKUoSf5lEbEbz6yzHBhD5s5k0NIICHzSPq9n736tYtJ7W/dG/TyB6PIAP0Wt12N6IY92bq0h3lEbIkjVM6PMtt4a4GB8yX4slyezIRxOfQmLLw2G3RpOUamNN/DqSXnKUhCoE7e8mdHp3r5i6knW/b2D1mykkvpDi2DY+nJXvJbX1KK4AeaBMiKvQ1f1A2eWzmS00MBplF2957Gk/NguWehh9GQ9u1WSsIvI1WP2PdUR72rBYGrrNx2ax0NDYTV06q/uo0SiVV/4xOukRCCGuGgqVstvhkp72o1AyIO3sKEWPDbxC2UNdOqbvqe6DSFYNCSHECCc9AiGE6AXPeevQzxvqWgwO6REIIcQIJ4FACCFGOAkEQggxwkkgEEKIEU4CgRBCjHASCIQQYoSTQCCEECPcoDxH8PnuQqIrm38oPSh4agI3Y2T9xmqa3xRCVPAd/GXGTVBSiu/+881bR/Gnx0NYcPNg1EoIIURnBqFHYCS30umnpZatJUCJpTUIAGQereZz4PPy805bG/lH2dmBr5IQYtiR15wNH9fIk8VmCnZlUlI3Gv+ZC7nPt8PewgwyS+rwnf4Us/yHpoa9Zdi/lUPGbhL4TOep2WM4qNtOgXsEsQuCcOs5V3LeP0Slz3Semj2Q3zUS4vJUn63FesHO+YaB+vy66I9rJBBYqSovo8wMZScbUb0cQ5BTX8daZaDsuBn7ZIZ9IDCfLKOsvJsE9kAwV1BQbsKkOIqBIIJ6zpWK42UY7IH9qptp30ZS80HzzDIihubFl+IaUG220HChEU/lDbjceKU+vSK6MwiBwIdw32poHR4aQ3gggJKE/efbhod8lfwQYMIYqGwbHgoZd1P/ircWk7GlAD9tKO79y2lIhGp/Q2jzv1dlrWfjYTPqx37Dknvap1u2zJdTbpMG9LulPbFbrVjrwWq/goWKa8rFixex2i44goCLrFUZLgalR/DDR6ZSeclWH+KX+RDfcXNgAJX9u1F14o67ex115Rlsy5tE7IwuQsHR7SRlnWBiZAILg5u3VWez8T09hMWy7H4vx7a6MrJ37EF/0oQVN7xu1xDxWARBKqg7tJkNB07jd388T4U5Dc4c285bu09w88wVLJnuDuZisndlO/JocsV9fCCz5s9H492fS28iZ9dH6NEQ+3wEjtraqTq8k515JzDVWUHhhV/YXB6fM6nzgFi5h43vF1DnpWHx4gi8FUC1nu07ciiprsPu6o735FnMf0yDt8JE9qZU9NVWAAp0SRRNfISE1osnRO9cd911nG+wSU9gmBmUyeL1Gwvxbf1TxI4zOFYHOW/fWs4ZHCuMnLe/kNefyeKbmbVIg8oFKvemknlpNHKwfY+13sr3zsOTdivWeivWltvdugI2b9hKToWdW++JIOIeP6jKIW3jZgrqwH3qRLysVsqOFGBtzcTKwcNHqbN6MXGquyOPjWnkVJhx857EJH8vqD5K5qYNXdetV+yOutZbabk5r8zawMaso1TZ3fGbOAk/jzoMB7ayJa/u0sMrM1n/14NUNd1KxBPNQaAyk/UbMzla60bgjChmBauwHstk48ZMKpv6U1chxHB3BeYIGjlZ08lmywVODkJprr5RLJpexsY8M/odmYSsiLqskyz7ZA8GqwpNbDxRzZPPs2YeJHXdHrL3GQh97D6mTc6msqSAg6b7iPACTAcpOAlMCOU+NyjbvgeD1RX1I/EsCWu+L6/MZH2qHv2ubO5bHkGfPpfaFXM2Ow+bQaUh9sUofJvDu6nKhJd3h/5AXQGbt+gxK9TMW7GEUHcAMzlZesyuaqKWL0HjDqAh4q4M3tLp+eRwBLHPJxCUtZ6NhyFUG0+UD0KIa8Q1MlncnveDsUQZ15NZoWfLNj9i+tzaVnGi0gqubpw+sJWtrdvt1LlCXcUJTKgJnhbCJyUFFBwyEPGYGtORYky4EjQ1tC2PsaHMDHNqjH0j0Pjq2VNZiQFa5wP6pbwSE+AbFtEaBAC8vL3ap7MeZes7huYA1xIEAAxUGIGxFk7s2sqJ1gMsAFRWnIDpMgwkxLXqGp2tcUezMAq1G1iP7ybjhLXnQzrjAte32+DKzf6OIR5XAP/7CPWCupKjGDBwsNAE7iGEObeZrq4d8nDDdZDC7/WKHhaSGg2U1QOYKSupunS/S8eKKbl18iQm+dwwQDUUQgxHg7JqqNNJYbqYFO50YnkAuIey5IlK3tIVYP6uF+mbwE7LBVGh8gDMrvg++JRj2KdTXtx3jy85nxRxaHsdhjrwmnlf80oeb7zHAeVlFBmj8G0ZSrEWUGIE3FUDMywEME6FO3DqmJ66ME3b5HAT7UO9m5p5yyKo0qWiP7SNzMCWYS8VKnfAdhMhi2IIvkZvD4QQnbu2/8pPmMeiaZ00t8235Ia8NHKOFVN8IION7+tpm1Z1474HNahcTOTotpJzogqzuYqywxls3JCBwWny1G3aNIIUdsqOlmF38SV0RlvUCL1fg8rFjH7LRjIOFFBQmM3WjRkYbK6oZ0cM3NJP/wgiJrhhr8hk4/vZFBwrpmDvVt56Yz0Z5U69IZ9gQlW+RD07F1/M6Lc4Jr5BTcT9atxsxexOzaDgpBmzuZLivVtZ/9eDtJ9uruP0sQL0xzrpUQghrkqD0CNo/04hgITZU4nH+Z1CAGNIXxYAzu8lwukdRAPEN3IR953YyEHnXkHwLO47UMZBUzHZHxaDqxehs4Ox7j3qdGAUsYtgy0492VvKyG7erJoQ4eg6KJo3uAQTFvwJxV/U4Tp5Gvc5j874RhG74DypO49SsDeDAgAXd3xnL2qbPB4Q7oQujsW65T32HM8h47hjq+v4UALHdzJc5H4fix45wYZdBjJ02fgti8DrniXENm1lS1YBGX8taD43N7ymhmBv7ll4B09Cla+nMi+DyrHBqO5ayKQBPAshxNC47uKAv/BjeAWC7lhrzVhxQ+XR/di6tdaMtckVNw933C6zD9WSh7vKfXBn6G11mOvtuLqpcO/53ROdsFNnrsNOF3W11WGup1/XQvRfXrGBgFuH5vFuk8VCgJ/3ZR9feqqK28d7DmCNRH9dk6uGesvNQ9WL9/T0Pt1g59ErCndUip6Tdc0Vd1U3sxf9zl8IMdxcgXu6UdzeWfBXXs/tg1+4EEKIHgzC0JAQYrDJ0FAXvttH8p+KUC5YTOwUT+zVZRTZxhPqe+PglDcgitmx7mMO19rp6jVerh4+RP54EbP79Wqazsr9lCKu9VVDQoiRReGKKw2U7PgffvXHdfzqnXR25JU3Pxo5XAWxYNViHmi3TP1Gps24HWVzC22vNbJrYwofdvdm4r6ye3KHvyuW2gYJBEKIa4el9vvWf7fX28HlBjQzQrn6XnHnis/0Rby84HbGtG5r4PD+AwMX1FzHE7ogmgfGSY9ACHFNqCZP99+s2VTE186bm77na2NnLzu7OowJDuJO5w3VNXw7oCW44uoigUAIcU0Yz7SHInnqoRAmjmu/5+usLewYjDdcXgH242V85bxhvCe3DEI5I3r5qBDi2vDd0X+wdX859omRPDH1JMl7zzFm4v2sfCKI6212XK/I2u2BZOXr/O3sP1BO69NXLjcwY7ZmUIa5JBAIIa5qlqPbSN5+0tFgmvZR8pgPY8aO5uEHwxinoO0tAN3Y86889vwrr9N9c380g7k/mjGQVe6F7ynY33FmuIFvjDUwYeDfAS+BQAhx1bIc3cYfW4IAMMY/iJCpM3ngnm4Pu0RLQ98xGAxNEADwZMFLzzGDMnZtSWd/FdBk5+u9W0j1+BmxU0YPUDmjwFXmCIQQV6lLg8B0fqqdyfjLbNU6NvpDFwScuE/isR9P5zanTSX79vHNgBXgSeCEG6RHIIS4+gx0EGjRMRAMCx4TCBx3iG9aXpxp/pav6+G2sQOT/W0zZ0ogEEJcXQYrCLQYNgGgKy44vjUyUNxCZGhICHH1OF8yuEFgWKososD5Nfrjb2fiQL7FHpksFkJcNYrZ8WH7ILBs8bUaBOxYas/xnbmIHe8X0RoHXG5g2hwNA/eWqQaqTxyTQCCEuFrcTkjwaAqONKCcMJ3YH8/ktmuiBWt56ZzztnP8c9Nf+KfTFlfVeKbNeZQFEwfyG+J1nDh0QN4+KsTVSN4+KgbSNdmpEkII0XsSCIQQYoSTQCCEECOcBAIhhBjhJBAIIcQIJ4FACCFGOAkEQggxwg3K4xif7y4kurL5h9KDgqcmcDNG1m+sJql5c1TwHfxlxk1QUorv/pZnBUfxp8dDWHDzYNRKCCFEZwahR2Akt9Lpp6WWrSVAiaU1CABkHq3mc+Dz8vNOWxv5R9nZga+SEEKILl0TD2g7s1cVsGefnuJKM3bA1cOPoGkRzJ3qPQxP1kDO+4eo9JnOU7PVg1qSuTCDzJK6rhO4BxL1WCjWQ5vZ/sUNRMQuJKjHz/uZKdiVSQmOY1UDWWEhxBUz/NrGy2bHkLWRzYdNjp8KN9xc7dRVlaHfWUbR0Xms0IYywC/t6yczFcfLMNgDW7cc3Z7E7vKJPPLyQoIHsCRrlYGy4+auE6hURGCmuNCAyeTK0XIIuqvHXKkqL6MMFRH9qVx1Nhvf00NYLMvu9+pPTkKIyzAIgcCHcN9qaB0eGkN4IICShP3n24aHfJX8EGDCGKhsGx4KGXfTZZVq2tccBNx8iVi8mFm+zbez5mIytqRRUJHNJ8dCWHjX8I59F+qtWOu/58IA5+sdGc9vIpt/fLGZ13YZUE1bRnxk+3fGeMcuw9foxiT/Aa5Ad+xWrPVWsNqvYKFCiBaD0ir+8JGpVF6y1Yf4ZT7Ed9wcGEBl4CWJ+6bpKNmHTIAKzeJYZvk67VMFMS82nlmoULUOddipOryTnXklVNXacXXzwi8sgnn3B6FyATCRvSkVPRoen2klJ6uAylo7rl5qIuYv4b6W/OvKyN6xB/1JE1bccPeayKz589F4uwJH2f7H3ZyY8AgJC1vu7dvyjX0+gvb3vo70JVYAA5l/TELffIdsr9KTuVtPcbUJq90V9/GBTuU4gmBqPmgWRmDdn0GR+0MkPHF5/QlT3k4+ygfNM8uIGO98rU5gqrOCwgu/sLk8PmdS572rugK2btrDKdeJPPLsQoLdgWo923fkUFJdh93VHe/Js5j/mAZvRXPdD5uwAnzxHklHB743JITo3iAEgvarg1pXAtU4rw6idTXRSecVRjitJuqLCgMGG+CrIcK3k/1uqnbj15VZG0g9bAZ3b9STlVwwGTAcSGOjsWX4yI613oq1Noet21X4TlCjdjuFodrAnp3ZTFoRgRcmsnVbyTG5M2lGFBMVJkoKC8jcNga/+Ci8ucD39Vas9c739s35YqXX9762ArZuysQw1hu1/yRc7Wc5VXGUzE1m7C/Hcp8b2K1WrPVmcrZsxVXhhqtH3y6fM0debTfnrddqrBfqiX5gPoXhwFa2uL3Eso4fcqorYPOGDAw2FZqWIFCZyfq/6jG7eRE8YxY31RdRVJjJRqOJ2BVR9DgNIYQYdFdgnKSRkzWdbLZc4ORAFWE2YwXcvLx7bljMOezON4NKQ+yLUfi6ANShf289meWZZB4LJaZlbNwtmJj4hQQpAExkb9hAjqmSU4AXp6isBm6fRcwcDa6AZuYszGb3y5w0DWbhy8EU6F4jo1xN1MtLCAXAiyitCjd/desduGnvBjYcqKTiONw3peV4V9QPrWDJtAGcsjVns/Nwx2sFpioTXt7ugNPkc1MlmX9tCQLxRPkCmMnJ0mN2VRO1fAkadwANEXdl8JZOzyeHI4i9fxkJkzNZv0kP9zxzyVCVEGLwDe8B895ydZyGtbabydAW5RVUNYFvWERrwwbuaGaGkF1RwOmTVdASCBRjuEnRksYLlQdgavkdRKB/BoaKTN54Ixsv74mo75lGxJRBmI42FbBlRxpmO7h7a4i4XQmYsLfrVrjj5TvA63bKKzHR8VqBl3eHCd0mE9nvpFL2nSvqR2KbgwCAgQojMNbCiV1bOdF6gAWAyooTMF0GgYQYatdGIJjsjy9lVFae4GhTKMG9eDriekWHvoPCtY8Xww2NNh6vvBwOHCvjdNVR9DuPoj+gIXZFVLuGs1+OpZG6uxh8Qpn70Cxurisg5xPDAGXeO5dcq45qDZQBYOf0iQqsYcHte2YuHa+sklsnK8FnIL+0JK4WYxTXc7K6s2ECMVQGZdVQp5PCdDEp3OnEch+5hTJtcg6Vx4vZvUWP72JN86SvQ2XWBrZVeDNr4UI03l6oMHCqpABrWGhrg1V1tIw6wFelAnrRswBAhXrmPNQzAewYdm1g8xcFHCyJahteascOTfTpMb6qk6ex4o4mch6hvgARPGWt5LVdVyAYjFPhDpw6pqcuTNM2OdzxHFxUaJ59Bu99G8k4vpu0L/xZco87oELlDthuImRRTK8CtLj2nbdd6NcXzsTAuzZ6BLgRvGgxpzakoi/PZP1betSBQQSOraPkeDGGaiu4KXEdC7jPYtaEIjLKM9j4vplZgSrqKvUcLHSMhT80rZfTl03FpL2VwZkJ9zF3Rgg3u9VRabIC7rirAK7H1QWoyCHtgBvB40ycyDtIQS30PIlwlhOHC7jeS81ElTtQSdkRA3N91bg2mTl64sxlX6k+8Y8gYkIxGeWZbHy/jogp3lBVSHbeGSYtXsa8Cc3pPCYR6qvCe3EMles2U7A7lczx8UT5qom4X03xrmJ2p2Zw4aFZqD3qOP1FDntO+hP77H3tVh7VGYsoOHyWW6cFIc2EEFfOFVg1BAmzpxJPh1VDjCF9WQAMxKohABdfolaswGvHdnKOVWH4IoeWe2b32zVELYgiyB3AndDFizG/t42c4zlkHHekcR0XzMJn+zKkcytBge4YCrPZejS7uQ5ueM9eSJQPQDCzpu+nLM9E8d40il1c8Zo6i+D6bI52k+uku9S4lRsozsqg2GcuL8XOZ+7xVPbkb+aNfMBFRfDkDhO1g8ad0MWxWLe8xx7nazU+lMDxnQRMFzXzFmkw/FWPfksafqtiCL5nCbFNW9mSVUDGXwua07nhNTUEe0vPwjuESeP06CsPklHpRvC4IBZOvAKnJ4QAGIyP1w9RIOjAWmvG2gSuY1W4K7pIZKvDXG/H1U2F+2WvY7RTZ67DjivuKvdLI6u1DrMV3DzccettkGk+xjk/e52ZOnsXZVwJ/b5WPVyn5v3067/FyHG1f7xehoaGl2tkaOhSbh6qnpeSKtxRdRUkes0Vd1U3Yz1u7k4PsvVSJ8e4uquG9l0+/b5WPVynHvcLIQbLFZi+G8Xtnp1sVl7P7YNfuBBCiB4MwtCQEGKwydCQGEiyoE8IIUY4CQRCCDHCSSAQQogRTgKBEEKMcBIIhBDD1nXXXTfUVRgRJBAIIcQIJ4FACCFGOAkEQggxwkkgEEKIEU4CgRBCjHASCIQQYoSTQCCEECOcBAIhhBjhJBAIIcQIJ4FACCFGOAkEQggxwkkgEEKIEU4CgRBCjHASCIQQYoSTQCCEECOcBAIhhBjhJBAIIcQIJ4FACCFGOAkEQggxwkkgEEIMWxcvXhzqKowIEgiEEGKEk0AghBAjnAQCIYQY4f5/z4kPQQ8B5tAAAAAASUVORK5CYII=\" alt=\"\"><br></p>', '2023-04-05 10:43:08', 1),
(17, 10, 1, '<p>Reinicia y vuelve a conectar</p>', '2023-04-05 10:48:11', 1),
(18, 10, 2, '<p>Intenta reiniciar el equipo</p>', '2023-04-05 10:54:02', 1),
(19, 17, 1, '<p>ya revise conexiones</p>', '2023-04-06 11:49:59', 1),
(20, 18, 1, '<p>Pueden ayudarme</p>', '2023-04-06 12:18:46', 1),
(21, 18, 2, '<p>Revisa conexiones y cables de corriente</p>', '2023-04-06 12:21:01', 1),
(22, 18, 2, '', '2023-04-06 12:28:38', 1),
(23, 18, 2, '', '2023-04-06 12:28:51', 1),
(24, 18, 2, '<p>fjgnjgr</p>', '2023-04-06 12:32:03', 1),
(25, 18, 2, '<p>listo</p>', '2023-04-06 12:32:22', 1),
(26, 18, 2, '<b>gracias!!! <font face=\"Comic Sans MS\"><span style=\"background-color: rgb(0, 255, 0);\">se soluciono el problema</span></font></b>', '2023-04-06 12:36:25', 1),
(27, 15, 2, '<p>ya se ha resuelto</p>', '2023-04-06 13:37:05', 1),
(28, 13, 2, '<p>listo!!!</p>', '2023-04-06 13:54:34', 1),
(29, 13, 2, 'Ticket_cerrado...', '2023-04-06 13:54:41', 1),
(30, 16, 2, '<p>Ya resolvimos el problema</p>', '2023-04-06 14:08:30', 1),
(31, 16, 2, '<p>Gracias por la información&nbsp;</p>', '2023-04-06 14:08:50', 1),
(32, 12, 2, '<p>test</p>', '2023-04-06 16:27:29', 1),
(33, 12, 2, '<p>test</p>', '2023-04-06 16:27:34', 1),
(34, 12, 2, '<p>test</p>', '2023-04-06 16:27:40', 1),
(35, 12, 2, 'Ticket_cerrado...', '2023-04-06 16:27:50', 1),
(36, 18, 2, 'Ticket_cerrado...', '2023-04-06 16:30:02', 1),
(37, 1, 1, '<p>gracias!!!</p>', '2023-04-07 08:17:13', 1),
(38, 21, 2, '<p>Nos puedes proporcionar el código de tu equipo</p>', '2023-04-07 08:31:40', 1),
(39, 21, 3, '<p>claro es 478397200</p>', '2023-04-07 08:33:16', 1),
(40, 22, 3, 'ayudaaa', '2023-04-07 18:44:34', 1),
(41, 22, 2, '<p>reinicia tu equipo</p>', '2023-04-07 18:45:40', 1),
(42, 22, 3, '<p>gracias ya se resolvio</p>', '2023-04-07 18:46:14', 1),
(43, 22, 2, 'Ticket_cerrado...', '2023-04-07 18:46:58', 1),
(44, 9, 2, '<p>holaa</p>', '2023-04-07 18:48:01', 1),
(45, 9, 2, 'Ticket_cerrado...', '2023-04-07 18:48:11', 1),
(46, 19, 1, 'Ticket_cerrado...', '2023-04-19 11:17:42', 1),
(47, 8, 1, '<p>gracias se ha resuelto</p>', '2023-04-19 11:24:41', 1),
(48, 8, 1, 'Ticket_cerrado...', '2023-04-19 11:25:37', 1),
(49, 24, 1, '<p>Me pueden orientar</p>', '2023-05-11 16:20:07', 1),
(50, 24, 2, '<p>cual es el id de tu equipo</p>', '2023-05-11 16:23:42', 1),
(51, 1, 1, '<p>holaaa</p>', '2023-06-12 17:15:17', 1),
(52, 10, 12, '<p>se soluciono el problema?</p>', '2023-06-20 10:10:07', 1),
(53, 10, 12, 'Ticket_cerrado...', '2023-06-20 10:20:55', 1),
(54, 21, 3, 'Ticket_cerrado...', '2023-06-21 09:35:21', 1),
(55, 1, 1, '<p>hola</p>', '2023-08-02 13:53:40', 1),
(56, 26, 1, '<p>sdfgfdgfdg</p>', '2024-02-26 15:34:20', 1),
(57, 1, 2, '<p>tiugyuguygyugygygoiiui</p>', '2024-03-21 17:44:41', 1);

-- --------------------------------------------------------

--
-- Estructura de tabla para la tabla `tm_categoria`
--

CREATE TABLE `tm_categoria` (
  `cat_id` int(11) NOT NULL,
  `cat_nom` varchar(150) NOT NULL,
  `est` int(11) NOT NULL
) ENGINE=InnoDB DEFAULT CHARSET=utf8 COLLATE=utf8_spanish_ci;

--
-- Volcado de datos para la tabla `tm_categoria`
--

INSERT INTO `tm_categoria` (`cat_id`, `cat_nom`, `est`) VALUES
(1, 'Hardwar', 1),
(2, 'Software', 1),
(3, 'Insidencia', 1),
(4, 'Petición de servicio', 1);

-- --------------------------------------------------------

--
-- Estructura de tabla para la tabla `tm_ticket`
--

CREATE TABLE `tm_ticket` (
  `tick_id` int(11) NOT NULL,
  `usu_id` int(11) NOT NULL,
  `cat_id` int(11) NOT NULL,
  `tick_titulo` varchar(250) NOT NULL,
  `tick_descrip` mediumtext NOT NULL,
  `tick_estado` varchar(20) DEFAULT NULL,
  `fech_crea` datetime DEFAULT NULL,
  `usu_asig` int(11) DEFAULT NULL,
  `fech_asig` datetime DEFAULT NULL,
  `est` int(11) NOT NULL
) ENGINE=InnoDB DEFAULT CHARSET=utf8 COLLATE=utf8_spanish_ci;

--
-- Volcado de datos para la tabla `tm_ticket`
--

INSERT INTO `tm_ticket` (`tick_id`, `usu_id`, `cat_id`, `tick_titulo`, `tick_descrip`, `tick_estado`, `fech_crea`, `usu_asig`, `fech_asig`, `est`) VALUES
(1, 1, 1, 'test', 'test', 'abierto', '2024-05-27 11:28:27', 9, '2024-05-31 11:52:38', 1),
(8, 1, 2, 'Office', '<p>Noo Funciona</p>', 'cerrado', '2023-03-15 00:00:00', 2, '2024-05-31 11:52:55', 1),
(9, 1, 1, 'monitor', '<p>No enciende</p>', 'cerrado', '2023-01-11 11:28:42', 9, '2024-04-01 16:17:21', 1),
(10, 1, 1, 'muse', '<p>no se detecta</p>', 'cerrado', '2023-01-04 00:00:00', 2, '2024-03-20 11:54:45', 1),
(11, 1, 3, 'problema', '<p>problema</p>', 'abierto', '2023-03-28 11:33:02', NULL, NULL, 1),
(12, 1, 2, 'office', '<p>No se ejecuta word</p>', 'cerrado', '2023-03-28 11:37:11', NULL, NULL, 1),
(13, 1, 1, 'mouse', 'No funciona', 'cerrado', '2023-03-28 13:28:27', 2, '2024-03-20 12:43:16', 1),
(14, 1, 2, 'office', '<p>No se inicia mi office para cargar archivos en word</p>', 'abierto', '2023-03-30 11:05:45', NULL, NULL, 1),
(15, 1, 2, 'problema', '<p>tengo este problema&nbsp;</p><p><img src=\"data:image/png;base64,iVBORw0KGgoAAAANSUhEUgAAAQEAAADGCAYAAADSdjVFAAAgAElEQVR4nO3df1xTd57v8RcYY8SIKY2KNFCD0IKiFTUUWnFKt3SKM7pTr3arU92O20tn3Vl3t7fbnb13Ond3Ht6593bn9jHrzDqzbtdHR7vQGWd0RrqmK13piAIaSqggoKGEQsSoESNGTCHA/SOIAUF+JIj0fJ6PRx81J998zzmBvM/3xwnfsJ6enh6EEIoVPtEHIISYWBICQiichIAQCichIITCSQgIoXASAkIonISAEAonISCEwkkICKFwEgJCKJyEgBAKJyEghMJJCAihcBICQiichIAQCqea6ANQOncn/KYZ/nctNHjgfvnjDuowyJgNP1sOyZETfTRiPElLYIKduQb/aofP7qMAAOjogVIX/OjsRB+JGG8SAhPsZhdc65jooxhcD3DJO9FHIcabhIAQCichIITCSQgIoXAyO3CfCg+DqWEQFuZ/3NMDnT3QHTB6GIa/THhvlPcAXT3g64ap4TBnGkwbJua7euDyF9DeNR5nIcbNzYtUVNbTfK2DLoBwDTFJqZjiNEwZZVWjCoGq6loOHvp3KqxV2Bs/p8vXxUMPzWPF8qV8ffWzLE9dglqt7iu/999+xc6f7qbtumdUB/X3b77Bmq99Fa12xqDPnz1bz9/9r3/AWllFeHg43/n2Vv7ohed5MOqBQct/dPQYP9n1DrV15+54LiwsjAd0s0hKSmT1V5/h6adWotc/2Pd82alP+Mmud7CUW0d1Ds8+8xR//Vd/xsMPx47qdeD/AGfPhZ8sg3itf1ttG3z3NBw6f7tc4kz4h8dg7UP+x1c7YI8d/roSFmghLx1SB39L+ri+gG+dgg9aRn2YYsJ4qCqvofFGwKZuLy01Fio0mZjmjK62EYXAjfZ23v7Hn/PL/b+lo6P/ULa9sQl7YxMHf3eYr+c8y+uvbWO2/kHCbl3CxkHZqU843+Kku7ub7u5uSk6Wk5mZQdQDulHvt6enh9arbkpKLZyyWCkuOcmrf7KZRQuTxvUchBizG06cNwZ7wofzwhWY8+BgTw5p2BDw+Xz833/Yya9+c4ju7u67lvttwWF6err5H9/9K3S6WaM6kJFyXWnlE+unuK+6+7bV1p2jpvYc8fMfZsaMiDHX7fP5+Og/f0/EdA2vvrKFeOP8UByy4hz4sGhc6l33XNa41DvpdPjoHOq5nqE/o0MZdmDwpKWC333wH4MGgG5WJNMCmv8Ahf/5eyoqT9PZOeRhBqXqTC31n9nxfvFF37br1z18UlHJZZcr6Pq7uro4fuIkJWXl/fYx2XR0+29AOnMN6j3gDejz+3rgfLv/ubo2uD4+PyoxThrrLzDU7RudzkbqRvDzvPLxz9jxgx3srxpBS6D4eBle7+1d6nSz+Jv/9ufkfPVpIiIiuNJ6ldf++k0sn1jx+bpov3mTU+VW0kzL2PLNF9jyzRf61ff63/4dRwo/7qvzpY3r2fbtregfjBr2wDs7OykttXD58pU7niv/5FM+a/ich2LmMXXq1LvWE2t4iG+/8sekP74cn89HcclJ8n95gM8aGgFoverm88Ymrl1rIz1tOelpy/u9/uChw/zkn97Bcd7fkV6xfCnf+dM/4Yl007DncC/04L8FeUOJf4Bx4UzIfwJSehtnVzvgb6tgX+OEHqYYowdnRsCV9sGfVE8ncgQjg231J/hdwVmee+J7w4dA3Vlbv8dpK1JZ87Wvolb7P2gPRj3An+Z+i0XHk7h46RKXXa1MCQ8fl3tgP28+z5mas3hu3NkhuuC8SFVVDUtSFjJ79t37RCrVFPSzo4iN9Y+ozZ49G5erFdeVA1y71kZXVxeXXFdwu9uYO2d26E/kS06a7eNrZtIjzL9QSeMdDdVwoowJxIxy4n/YENBopvV7/In1NIUfFZH11EoiIvz97/THl5P++PLBXh5SJ0+W4zjfQlfXnfNZXV1dlJ4qZ1VmBnp9VNCDeiqVCpVKbqMQ96NZzIwA7ggBFZE6zahrGzYEFi1Mouj3J/oeX7nSyl+98X0A5s6ZzcNxBlIWJfPMH3yFJSkL+1oIoXbVfY3yik9xX7vWt81giMHtvobH428Z2OrtnD1XzyOJC4acXhzoxo12Pj5WzPETZbS1XQdg2jQ186LnoJs1PoObQgQnnPiEedgs/ccGps6O59FhpoQHM2wIPPP0KvLe/w1XWq/e8dzFS5e5eOkyp8qtvLvvfTIeX8F//+5fssA4n/Dw0F5Fa2vPYqv/DK/XH39a7QzWP7+GisrTnLJU4PV+gcfj4aSlAtOKVBK0xiHrsjc28eqfvT7k83Nm60lYYGTWLPkOrbg/TXlwBhHQLwRmRD7IyC59/Q0bAslJj7Dt1W/xox//jJs3bw5Zrru7mxOlp/iL177HP/6/HSyID10QdHV1cbzkFJcuXaGnxz/YYHgohrQVqYQBdXW2vnCo/LSazxoaiYszoB5mgHAwarWaVSszWLF8KSqV3FA5FjJFeA/c7LxjmrCzswNQD1b6rkb0Kd38zRf413/+MX+QtYrp06fftWz9Zw3s/80h2tuHDozROt/ipOpMLZ4bt+88TH0shXnRc0lduqTfHX4XL13mdFUNV1vdg1V1V2q1mq/nZPPNjesxPBQTkmMXIpS6Oq7SWFvJfxR/zvUBz91oslBQUkNDq4/R3AU+4kvdimWPsWLZY9xob+ezzxpxnG/Bcb6F6jN1FJ84SXt7e99V+lR5BW1t15kxIyIkd92dsnyCw3Een89/alOmTOH8BSf5vzpIR2cnXq+XKVPC6erqpquri5KTFlZlZjBnjn7Q/atUKqZNm0ZnZwcdHf48nTZNzYsbnudbWzYSExMd9DELEVJd16irqKbmyt3/+ERn20UqT12kMjyC2MWPYZo3/EDhsCHw5t/9H5odt29Y/1pONuu+8TWWLF7Yt23Pu3n84z/t5uZNfw/F47nBdY+H6J45QYfAdc8Nyk5VcPXq7QHBrq4ujhWXcqy4dNDXNDR8Tm2djeRHE4mMnHnH87GGGNavW8vpqjMcLSqm0+fjiy86qKk9S1Ozg3nz5k7oLcPdPf6bfXwB06yaKf4vBN0S1rvtwYDWXw/QOfobxkJOmu0h1n0Zy7Fqmkdz71p3O82flnK9/UmeXjB0F+H0b3cMHwLnLzgpPVned5W/7LrC42nLiTXEEBYWxhdffMHnzc10dd3+7Zs2bRoR06eH5INUd9bGOdtn3PSO/E/c3Lx5k5Onynk8bdmgIQAQb3yY2bMfpP4ze99NQpWnz/BhYREPPRRDrGHiugNdPf6/PXjJC4/0Hr5hOuQugDaf/89+xUX4H5sCbom42QX23lsoNFPAOAO0Kv//pwd0/KaG+bctf8AfNI0euOa7d+cnRqerqXl0ARDAfb6R6wseYfBPAbSc/N3wIZCetowTJSf7HtvqG3j+hT/m0UcSUE2ZQlPzeZwXL/W7rXhB/HwiZ0UGHQLd3d2cKDnJxUuX+0JopM7UnKWhoZEFxocHfT48PIysrzxJbe05Ll66jMdzg87OTgr/8/ckLDDyX77xdaZPH/2ca6i03ITjlyFdD6ow/zcLTVHwy4zBy3f1gOOG/zVhwPwZ8G9DfItQp4a/T/H/J98ivP+1e4O4r9vn4wbcEQLGV97D8or/38OGwB9+/Tl+V/Ah9Z/Z+z6I1697KP+kctDyD+hm8Ufr/5CIYQYQR6LlwkWsn1ZzPeCryCmLklixbCkzZ2r7lW12tHCi9BSXL/u/P3Dx0mWslVUsfSxlyPpnRUby1ews6s7aKDv1CT09PVy+7OLfzYXEz48jI900Yd2Ci1441AJPzobMEdy0eOEm7P3c/10A8eUyM+lx1iWNX/3DhsDcuXP472/8Jd998wdcuuTibhfkmTO1vP7an7Fi+VKmTg1+eq3C+inNzQ58Pn9bNSIigk0vrifn2afv+LbgBedF2tvb+fhYCR0dHfT09HDSUsFTX3nyrt9+TFmUxFdWPUHj581ccF4E4HSVv1tgMDxEXO+txfdaVw+UX4W/+RT+5yJ4JhqmDJJH3T3+Lwq9VQe/aIRu/C2BiSRThJPLiD6pTz6Rxr49P+PHO/+Zox8X3/HtOpVKxRPpJv582yukLEpiypTR/m2TO928eZPSk+Vcdd8eEExYMJ+kRxYQEXFnKyN67hweW7KIT0+f4eKlywB83tTMmdqzPPjA0LdRqdVq/iBrFWdqzvLhkaN0dnbS2emjtKycdNPyCQsB8A/ylV6BF0vhK3Ng3UP+fnzUNGj3QZ0H/uMCHHSAI2BGtgfwdMKxy/23D6at09/qEMoV1jPKzvaV1qtUflqN3d5Id08PD8fFkrIomXnRc0J+l6ASfHQR/qICau7DZvzUcPhqNBRkju510hKYXEYdAiK0vowhICYXuXQLoXASAkIonISAEAonITDBpk+BWaP/4tc9EQbMmbj7pcQ9IiEwwRbNgj8x+tcJmOj5/UDqMMjQw+uPTvSRiPEmswNCKJy0BIRQOAkBIRROQkAIhZMQEELhJASEUDgJASEUTkJACIWTEBBC4SQEhFA4CQEhFE5CQAiFkxAQQuEkBIRQOAkBIRROQkAIhZMQEELhJASEUDgJASEUTkJACIWTEBBC4SQEhFA4CQEhFE5VUmuf6GMQQkwgWXdAiPtYSa2dR+fNGdd9SHdACIWTEBBC4SQEhFA4CQEhFE5CQAiFkxAQQuEkBIRQOAkBIRROQkAIhZMQEELhJASEUDgJASEUTkJACIWTEBBC4SQEhFA4CQEhFE5CQAiFkxAQQuEkBIRQOAkBIRROFcyLzYcr+a+O3gczH6Bo48MkcpHv7b7Au72bn1wYzy9XRkKNDcPxG71bp/LmNxbx6vj+/UQhxAgE0RK4yAlHwMPrV/lFDVDT1hcAACdqLmIGzI03ArZ2cvRc29h3LYQImUnWHXBj/SCf/LwiRrNagqNkHzt/eoDa9hGVpnTvTnYeqMU7xqMUYjKZZCHgwdlgw1bvwDXi17ixnbbjbq2junEExVttWBvduOuqRxU0QkxWQYwJzOVJwwXe7esSzODJhQCRvHz8xu0ugSGSHID5M8Bxu0uQGBU59l2Pio6srbkYHBoS40dQPCqL3FcMNEckYhz3YxNi4gU1MJizeimOO7bOZUfuXHYM3LwwEcfCYPY2OOfR3eytgNS1mfiOm7G2ePCpdBhXrmPzSoO/zPFDHKwA00u5ZEUD+HCWHeRAmR23xwtqHbHLcnj+mUS0OCk+fBALJra8kkU0geVtuNp8qDQ6Ypdls+bpZHSTrC0lxEBBhED/WYC+EX9X4CwAfbMG9YEzCQTMGgTJ5/XibXdT+quD6GKMGOOu0tzkwn70EIVJ28jW3yoDXp//NY7Du9hT7gaNHmN8LLibsZfkk6d5jdyVPrztXrx46S1+u3yEHmPCA3S67NhL9rPLmcP2l0xogz4LISZOUC2B/jppHqyjfr2D+tDtZAgakte9xoaF/tNxfbSLXSUunI2AfkDR1iIOlbtBl8rW76zB0Hsld7W40MdoAfeA8sUcrhhY3oNl707MDYWYa0xsGIcWjhD3ypekMatBG3k7z/S6mUMXbfAPKkYvy+4LAAB9zMC0uFW+EWf3wPJaTE8kocHHhcY7O0RCTCZfkhAYvelqTXDl1VND2YwSYsIENTsw6AAgQwwADjqIOAGidGiB5joLnrSA/nw3g0ditB4ddprPWfCmmbgVBY5qOx7AEDVEC0KISUJ5F7P4LDLjqzA3mNmd5yZryTxwVlFUdpnEF3NZkzCgvCGTjHgr5gYzu953k5Wkx9NkofS0f5zg2bTRtSiEuN+EcHYAXl65lB0MmB1gBv+SmwjjNDswelpMm3Lx5u2hqL6Ugt5RS9WcVJKiB/tAazFt2oLn3TyKz5VScK63vC6ZdVvX9BtXEGIyCuvp6ekZ20snawgE6PDg9vggQoduJBf00ZYXIkgltXYenTe+37RTXncgkFqLLmocywsxCYSwMTuV2MHGyGaqGdjNFkLcP4LoDgghxtu96A7IsJYQCichIITCSQgIoXASAkIonISAEAonISCEwkkICKFwEgJCKJyEgBAKJyEghMJJCAihcBICQiichIAQCichIITCSQgIoXASAkIonISAEAonISCEwkkICKFwEgJCKJyEgBAKF9S6A+bABUVmPkDRxodJHLAoSd8iIzWBi5JM5c1vLOLV8f0jqkKIEQiiJXCRE4ErjF6/yi9qgJq2fqsSnai5iBkwNwauStTJ0XNtY9+1ECJkJtkKRG6sH5ipa1NhWLmBzLgBz1YWYK7xEJ2+kaz4iTnCkbJ/nE9Zy10KxKSz8amplO49gEWbTe66ZIZf+cxOUV4Zzph0Nj5lDN3Bii+1SRYCHpwNNmxusDXtR//GBpID2jKeFju2eje+R4D7PARcDhu2hrsU6E6AVg/WRjduVTV2kkkevlYc9Tbs3QnA2EPAeXQ3eyvA9FIuWdFjrkZMEkGEwFyeNFzg3b4uwQyeXAgQycvHb9zuEhgiyQGYPwMct7sEiVFBLkbaUcvBPAuxL5nQBlfThDC99H1Mvf92HN7JnnI3xtXfZ/OK/uVyXzHQHJEYxEd69HxeL9528Pru4U7FhAmqJZCzeimOO7bOZUfuXHYM3LwwEcfCYPYWSItW68HTYCbveDK5K4eIgdP7eeuIHeOzb7BhSe82ZxG737PAsi3kPt17mfPYKDxgxupw40WDzpBK9tpsknXgKdnHrpILxK7azsa0gAZ5zQHePlzP7Ce2sfkJLbhrKTxU6K+jW4VWn0jG2ufJiAnmLXZSfPggFkxseSUL/9H6cJYd5ECZHbfHC2odsctyeP6ZxMHDsKmQ3b+y4tGbeGFTFgY1cMnC/gPF2FwefCot+oQM1q3NIFrtpOidvVgueQGw5r1FVfxq3lifEsQ5iPtdUAOD39tdiaHvvzP88yX8swCB2/M/x4Z/JiFw+x8dD2ZgcDaZ603owsH58R7MTUMU6/Dibffi7QjY5uvddusy57Gw76f5lDb5mLc0i6ylsaicpez/+T4sHtAuTUDv9WI7bcHbV4mX0rJqPF49CUu1/jp+vp/SJg+a6EQS43T4XLUU7tk19LGNiM9/rO1ebl2UHYd3sftILa4OLbHxicRqvdhL8sk77rnz5U1mdu4txembR+b63gBoMrNzt5naNg2J6TlkLNThrStk924zju5gjlVMViEcE+ik2TXI5usd1IduJ7fF5bAuzcaeMjeWQ2YWb8sZUzW1HxZi79CR+vJ21vQONGauKmb3j4soPmrHtDaDtIQiHOeqKHZlkq0HXMVYHUD8YjIioPbXhdg7VBif287mtN7rcVMBO9+1YjlcRMa3s9CF4pxbizhU7gZdKlu/swZDb4S7WlzoYwa0AzwW9uVZcKuM5HxnMyYtgJviDy24w43kbLu1zUT2wgO8nWfhyKkstr7yBomHd7KnHFI3bSfHEIoDF/ezSTYw2J/h2a3kOHdibrSw9/1oNoz6k+agscUHKh+Xj+eT37f9Jt5w8DTV48RIStpijpyzUlViJ3utEVelDRcqEpeYbtcRkUJ6WsAHMS6b1BgrRS0ObNDX/w9KgwMXEL0suy8AAPQxA9aEb68jf5e9N9xufdgBbDQ6gYjr1B3KDwjn6/53o6EW0lNDcaRiEpnkdwxqMa3LxqgGX70Zc4N3+JcMamAWTmf2/EQS5+v903LxGSzWg+ecFRt2Sk+7QLuY9CWBVUxler86NGjUYzycYUxXDzNZ6LRj8wK4sdfdOWpDuGrAGc9kXkIiiTEhaa+ISSao2YFBBwAZYgBw0EHEENCa2Ly+mbfzqnG3jmA4u9uHj1snrkenBdwqYp/d6G/qD0pP5jIDpUfqKP/1F9g9oH8io3fE3oA+CmiwU+UAw63mc7uFOgeg1TFktaMVpUMLNNdZ8KQFzIp00z/O1UZyvp2F6709WE4dwJy0nZy4gPP1zmTxixtJmeSXABEaX45fg4R1vLBikKuYyv9Rt5ftp7i6mupjBex+38rtITQNGc+Y0IW7KN2bT/E5J+5WJ7ayAnbvOoAtYKBMk5ZGosqHrcaGL9xA6hO3P9qmVSZ04W4sebspOGbFWllI/m4zdp8K48qs0E3vxWeRGa/C12hmd14h1upqrB/l8/YPd1JQH9AKMiRh0hnIeTmLaNxY8vyDnGAka5URlc/GoXcK/PcgtNqp/iift/cU039o0UNzjZXS6nGJbnEfCaIl0P87AgAvr1zKDgK/IwAwg3/JTYTA7xkQ8J2CEDGsXkdGwx5KWwM2Lskko8RGqauWogO1oNKTujIF78fVt8vE5bD1Bcj7rYWi920U9W7Wzs9C5QNuNenDU0hPOYKt0oMqIY2MCPrXsdbDng9qsX5cgBUgXINh5abbA4UhocW0KRdv3h6K6ksp6O3Uq+akkhQ9SBdBm8mm5xrZediO+b1CYnOziV6xmdzufPYesVKw19p7bhr0S5Lw9bYoDCmJ6CosOMsKcGpS0KcYSAzhWYj7S1hPT0/P2F56f4XA3XjdvfP/urv3pb1uN95u0Oh0aMbYRvLXoUIbpR3fUdcOD26PDyJ0DHNaQ/DhafXgY4hj7a0/mPdCBK+k1s6j88b3m3aTenZgpDQ63Qjuux95ufGuY0TUWnRRwVSgQht1l4HAoOsXk0UIM34qsYONgM1UkxC6nQghQiyI7oAQYrzdi+6A9PaEUDgJASEUTkJACIWTEBBC4SQEhFA4CQEhFE5CQAiFkxAQQuEkBIRQOAkBIRROQkAIhZMQEELhJASEUDgJASEUTkJACIWTEBBC4SQEhFA4CQEhFE5CQAiFkxAQQuEkBIRQuKDWHTAHLigy8wGKNj5M4oBFSfoWGakJXJRkKm9+YxGvju8fURVCjEAQLYGLnAhcpu76VX5RA9S09VuV6ETNRcyAuTFwVaJOjp5rG/uuhRAhM2lXI', 'cerrado', '2023-04-04 13:58:37', NULL, NULL, 1),
(16, 1, 2, 'sitio web', '<p>No logro entrar al sitio</p><p><img src=\"data:image/png;base64,iVBORw0KGgoAAAANSUhEUgAAAQMAAADVCAYAAABTwZVNAAAgAElEQVR4nO3df1jT993v8acYMWKgkUZFGqyhxILFHzhjRaUrXemKnZ7W6VY96pxzrOvdunu9t973tWvd2Xp7ul2e3b1W13k61sPptAfa2mEnzjjpxIoF2lChysAaShBSjJpqhGgjRjh/5AsEBAkkKNj347p6tfnmk++P1Lw+v75fP6Pa29vbEUJ86YXd7BMQQgwPEgZCCEDCQAihkDAQQgASBkIIhYSBEAKQMBBCKCQMhBCAhIEQQiFhIIQAJAyEEAoJAyEEIGEghFBIGAghAAkDIYRCwkAIAUgYCCEUqpt9AgKar8CbjfCLKnB8cbPPpsu40bA0Fv7vfIiQPym3PGkZDAOHzsKvhlkQAHxxFfY0wat1N/tMxI0gYTAMXLgCnw2zIOjQBjg8N/ssxI0gYSCEACQMhBAKCQMhBCCzCcNa2CgI94vrtna40g7+K12EAWPCYNQo3+t24Go7eNtgbBjcMa7/43jboekL37/FCPLFaY5U1tJ4oZWrAGFqYhNTME1VM3oQuxtwGJw54yTvrV28X/oBtvqTNDe7mTxpIrNn3cPDD32NB9IXM06t7ixf9uFH/PgnP+fzc+cHdJyf/fu/svzRR4iKjOz1fY/nMk//+D8ofr+MtrZ2frzpCR5f+SgTJmh7LV/2QTkvvvQKlUeren1fq72NhLsMfCMzg4wH72ei7vbO98o/quT3216l9IPyAV3D2tUree5n/zagz3QYPQq+GQdvpnZtKz8HT5TDR35f5ewJ8PoCmBHle+28DC/XwvNVvvc+eLD/Y332BZj2wykZKBxB3Bwrr6b+ot+mNg9N1RaOqNMwTRr4HgcUBm++/Q6/3vISly51H/p2nD6Do/AMfy8sImX2TLa88Avi4u4gLGzoeiG79+zj07qTtLX5qrO383eTMmcm95rmMqqjmhwAl+sC5R9VUv5RJYcOl/IvT3yPmclJoT5tIULjogPHxd7e8OI49TlMur23N68r4DB4Z/defvmfW7h6te265So+PsZT//ofvPrH3zFpom7AJxSoDyxHOHvW2fm60d5EQ4Od2TPvYdw49XU+2b8DBw8zedIkbo+eQGxsTLCn+qWUv69oSPa7/OH0IdnviNPq5Upf77Vf/zfal4Cq7osXL/HrLS/1GgTjx0cwbty4brXxJ9ZP2f+Pg1y+fHlQJ9Ufa20dJxsaudza2m37e8Wl2D9rCskx8t7K52/73mUkL0X5hRf+eQGqL4DN3f29K21Q5/a9/0mzbyxCjBz1tafoq1d3xVHP8T6TosvnB/83m5/fzM5jvtcBtQw+sBzhQnNLt21P/fB7rF29Eq32Nq5evcpzv/oNBX/7O62tvrM4cKCYpZkPsWD+Vyg9ZO722V9veYmd+btxu33tnPvvW8Qvf/7TgGvhv+zaw8mT9mu2F/7jIJlf/xrxhjsZPbr/IZRnNj3BI5kZgG9sY0fuTo5/Yu18/+rVq1xta2PeV+bw5//zcrfP/uGVHF56Obvz9YL583j6yY2Y5s0J6BqGWjtw7AIk7/ONP5iiodRv/OD0ZVhRAhUDG8oRw8TtkRHw+aXe3wwfR1QAI4jNte/z14JPeHjhz1k5M8AwOP6JtVsNeXv0BLK+tw61eiwAKpWKjd/978RMnswpx2nOnDmLSjWY8cz+eb1XqbOdxH3R3ev7n9psnHddQHd7dL/7mhCtJS7uDgDi4u7g07p6aj+14fV6AWhosNPU5GCqUkYETprzQysycTrTTlVSf03jO4xoQwKxgxiuCygMxoaHd3v9+bnzvJ73Nt989BG02tsYNWoUd8Ub+NFT3x/4GQzQ3n3vUmc72efYRf6uvzF3ziwWL7x3UAOJ/saqx15z7UIMD7cRGQFcEwYqorSDGzMLKAySk5MYNWpUt9bBlv/6PVv+6/fcdlsU06bGcff0BNK/uoiFC+9lnNJiGArF75dy5uzZztcz70mi6ZSjc+rylOM0nzU5uHz5Mmp1YF+Kx+OhpNRCReWxzlYBQMykieh0/bcwhLjxwohPmILV0n3sYMzEeO6eMNg9BmDe3NlMuzOu15r2woVmPj72T976y1/54aZneWzlOsqPVHb7UYVKo72Jkw12Ll/uGjj89spH+crc2YT71eCF7x6kznay3/0998vfMD15AbPm3c8TT/+Uio+Pdb6nHjuWcePUQzo9KkQwRt8+noge28ZH3c74Qe4voJbB6NGj+c3m5/jBv/wb510Xrlu2znaSDd//ETnZLzFn9syQjh28nb+bkw32zhaKWj2WyZMnknxPEpUfV3FGmWosfr+MpY98nenGhEEf//FvL2dJZkbQXY0vK5lavAG+uHLN9OKVK63A4Lq2AVd7c2Yns2vnn1n5zWVob4vier8Rz+XLvPRyNi3u3gf5BuuTE7W0tHTNajz0tfu5c2oc31iSwbRpU7uV/bTOxrnzgxsqX/aNh/n2iv8W0CCkEDfa1dbz1NdU8vfik7T0eO9ig4WCkmrqznl9tygPwIDuQIydEsP//NXP+NVzz1L7qY1GexNNpxzUfmqj8B/vcf68q7PW/sByhM8/P8dtUVGEhQVfuxa9dxhbfQNeb9clXmhp4e1dBYSPGYPL5SIsLIy2Nt/A4ps7/8rsWcl8LT2tz9o9ImIcXu9VWv3uV9iwfjUbv7tGgkAMP1cvcPxIFdWft1632JXm01R+eJrKsAjiZs7GNCWwsbOAwuCPr26n7IPyzh/6dONd/PSZp0i829hZZumSr/PDp39Ci7vrHsnz51203XmVsLDgn4f6e+FBTp8+223be4dKeO9QSa/lXRcucPrMWTyXL3d7VsLfk1nfpbaunt179nWGSNkHH5F67zy+mrYw6HMORjvQ1mPCJFIFhvFdzyaMAiJGw2S/y2trh8sDrRKGgDTnQ6ztLJZDVTQO5D6+tks0flxKy6VFPHBX312Ho+9sZnNJgGFw9epVSsosnWHwYXkFSx7OYNbMpM4BthPWWrw9pvs0kZqQDMCddZ7DVt/AF56BPUnzN3Mh9yTdzZzZyb2+f5s2intNc/n44ypsJxsAqK75hJJSC/fMSLyprYO2dnBd8f0tQzHKj/2uSHgmES4odxYmRsLT0+F2v//PLV446vL99/jRkBjle/oxscfzXuGjfA83heG7G7GmxfdvMTxdbWgcWBD4cX1WT8td0+n9kT9o+uCv/JUAw2DhAhNb//CnzjDwer2s/s4PmJmcxDi1mjNnzlJX39BZuwLo75jCRN3tIQmDv+wqoNFuH/CtweUfVfJpXT3J9yT2Weabj32DT6y1NOY2dc6A7Mh9iykxk/jO2sdv6gBiTTNsr4dnldNXjYLU22H/V3sv722H+ovw7mlfq+Eebd9PLU5S+552BHlqcSS45Ang/uK+eL1chGvCwLDxdSwbu14HFAZzZidz/1cXUXTwcLdAqKg81udnnvrhRiI1g53k6K7y4youuJo7XxsT4rl3/lfQ3hbVrdyFC80cOHiYz5pOdW47UfspZ52fX3f/317xKI2Nn/GPomLAd5fjOwVm7rwzjvSvLg7JNQzGKQ/sd8ByPSRo+i9/8iL8wQqtbb4wELeOyMR7Wd53nRYSAXfmn3/u39lgb8JaW9dvDf1E1noefugBxo4N/uYjS3klDY12rvjdt7B+7eM8kplBRMS1f3PHhQvNnD5ztrOW3/mX3cyZlXxNcPi7K34as2clc6TyGOfP+9rY1TUnKC2zMDN5xk3rLrS1w3tnYOOH8L/m+J4v6KtcTQv8/Ci889mNPce+yNTiyBNwGEyapOPN1//EH17J4c2336Gl5dppw6S7jfzo6SzSFi1gzJgxITnBPea/4zh9pvO1RjOeuLg7+nxM2Wi8i+gPP+q858DtvojDcabf81mzagV2exM783d3ht3reW8TEzOZDd9ZHZJrGQxvO7x3FjLfg4difK2E2VrfYGKz1/dE4p5TsMsO53oMMp9vhYIAHuL8/DJ4hsGgo7i5RrUP4hldz+XLlJdXUmer50JzC3dO1ZOUOJ14wzRGj5Y79gbq/52ENWU3+yx6px4NP54OL8wa2OekZTDyDGrOTz12LIsX3cviRfeG+nzELUJ+tCOPVONCCEDCQAihkDAQQgASBsPCbWMCW9/gZgij6w5IcWuTMBgG7psI/yMZYoZZIKhHwyOxsDH+Zp+JuBEGNbUohLj1SMtACAFIGAghFBIGQghAwkAIoZAwEEIAEgZCCIWEgRACkDAQQigkDIQQgISBEEIhYSCEACQMhBAKCQMhBCBhIIRQSBgIIQAJAyGEQsJACAFIGAghFBIGQghAwkAIoZAwEEIAEgZCCIWqpMZ2s89BCDEMyLoJQgxzJTU27p4yaciPI90EIQQgYSCEUEgYCCEACQMhhELCQAgBSBgIIRQSBkIIQMJACKGQMBBCABIGQgiFhIEQApAwEEIoJAyEEICEgRBCIWEghAAkDIQQCgkDIQQgYSCEUEgYCCEACQMhhEIV7A7Meyv5vl15ETmBolV3YuQ0P88+xWvK5kUz4nlzcRRUW9EfvqhsHcNzj97DD4b+73kUQgQgyJbBad63+71sOc+fq4Hq5s4gAHi/+jRmwFx/0W/rFQ6caA7u8EKIkBmB3QQXFXvyyMstYiArPthLdrD15XxqLgVUmtLtW9maX4NnkGcpxEgzAsPAjaPOirXWjjPgz7iwHrXhOnecqvoAip+zUlHvwnW8akCBI8RIFuSYwWQW6U/xWmdXYTyLZgBEsf7wxa6ugj6KTIBp48He1VUwRkcFd/iAaUnfkIXersYYH0Dx6HSyNuppjDBiGPJzE2J4CHoAMXPJHOzXbJ3M5qzJbO65eYYR+4xgj3gtx4Fsth+BlGVpeA+bqWhy41VpMSxeztrFel+Zw7vZdQRMa7JIjwHw4ijbRX6ZDZfbA+Fa4uZm8tiDRjQ4KN67Cwsm1m1MJwb/8laczV5Uai1xczNY+kAS2hHYvhKipyDDoPusQecMgdN/1oDOWYZa/5kH/GYZguT1ePBcclH61i60sQYMU8/T2ODEdmA3hYlPkqHrKAMer+8z9r3byCl3gVqHIT4OXI3YSvLIVT9D1mIvnksePHhQineVj9BhSJjAFacNW8lOtjky2bTGhCboqxDi5gq6ZdDdFRp768i3tFIb2gP1Qk3S8mdYOcN3Sc53t7GtxImjHtD1KHquiN3lLtCmsOGppeiVmt3Z5EQXqwFcPcoXs/dIz/JuLNu3Yq4rxFxtYuUQtHiEuJFuoQauGk1UV7bptJF9F63zDT7GzM3oDAIAXWzP1OgoX4+jrWd5DaaFiajxcqr+2o6SECPNLRQGAzcuXB1c+fAxoW5aCXHTBD2b0OtAIX0MFPY62HgTRGvRAI3HLbjn+/X32+g9HmN0aLHReMKCZ76JjkiwV9lwA/roPloUQowgX86KLT6dtPhjmOvMZOe6SJ81BRzHKCo7i/HxLJYm9CivTyM1vgJznZltb7hIT9ThbrBQetQ3jvDQ/IG1MIQYjkI8mwDrF89hMz1mExjPn7KMMESzCQOnwbQ6C09uDkW1pRQoo5uqSSkkxvT2w9ZgWr0O92u5FJ8opeCEUl6bxPINS7uNOwgxUo1qb29vH/zHR2oY+Gl143J7IUKLNpAKfqDlhQhSSY2Nu6cM/RN9X85ugr9wDdroISwvxAgR4gbuGOJ6G0uLDKdnN1wIMbwE2U0QQgy1G9VNkKEvIQQgYSCEUEgYCCEACQMhhELCQAgBSBgIIRQSBkIIQMJACKGQMBBCABIGQgiFhIEQApAwEEIoJAyEEICEgRBCIWEghAAkDIQQCgkDIQQgYSCEUEgYCCEACQMhhELCQAgBhGDdBLP/wiiREyhadSfGHourdC6WUu2/uMoYnnv0Hn4w9H/pqxAiAEG2DE7zvv9Kqi3n+XM1UN3cbZWl96tPYwbM9f6rLF3hwInm4A4vhAiZEbiikouKPWaON6vQL15J2tQe71YWYK52E7NgFenxN+cMA2U7mEdZ03UKxC5g1f1jKN2ej0WTQdbyJPpf0c1GUW4ZjtgFrLrfELqTFbe8ERgGbhx1VqwusDbsRPfsSpL82jfuJhvWWhfe6cAwDwOn3Yq17joF2hLgnJuKehcuVRU2kkjqf6/Ya63Y2hKAwYeB40A224+AaU0W6TGD3o0YQYIMg8ks0p/itc6uwngWzQCIYv3hi11dBX0UmQDTxoO9q6tgjA5y0dXWGnblWohbY0IT3J5uCtOaX2BS/tu+dys55S4MS37B2nndy2Vt1NMYYQzipz1wXo8HzyXweG/gQcVNFXTLIHPJHOzXbJ3M5qzJbO65eYYR+4xgj9hBg0bjxl1nJvdwElmL+4iDozvZst+G4aFnWTlL2eYoIvt1C8xdR9YDSrXntlKYb6bC7sKDGq0+hYxlGSRpwV2yg20lp4i7bxOr5vs11KvzeXFvLRMXPsnahRpw1VC4u9C3jzYVGp2R1GWPkRobzNfsoHjvLiyYWLcxHd/ZenGU7SK/zIbL7YFwLXFzM3nsQWPvodhQSPZbFbh1Jr61Oh19OHDGws78YqxON16VBl1CKsuXpRIT7qDo1e1YzngAqMjdwrH4JTy7IjmIaxAjQdADiD/PrkTf+c8/+eMZfLMG/tvzTmLFN/Pgv/3bh4MZQJxI2goT2jBwHMzB3NBHsVYPnksePK1+27zKto5qz21hx8t5lDZ4mTInnfQ5cagcpex8ZQcWN2jmJKDzeLAeteDp3ImH0rIq3B4dCXM0vn28spPSBjfqGCPGqVq8zhoKc7b1fW4B8frO9ZKHjkravncb2ftrcLZqiIs3EqfxYCvJI/ew+9qPN5jZur0Uh3cKaSuUIGgwszXbTE2zGuOCTFJnaPEcLyQ724y9LZhzFSNZiMcMrtDo7GVzSyu1oT2Qz9RMls+3klPmwrLbzMwnMwe1m5p9hdhataSs38RSZUAy7b5isn9XRPEBG6ZlqcxPKMJ+4hjFzjQydICzmAo7ED+T1AioebsQW6sKw8ObWDtfqZ8bCtj6WgWWvUWkPpGONhTXfK6I3eUu0Kaw4aml6JU4dzY50cX2aBe4LezIteBSGch8ai0mDYCL4n0WXGEGMp/s2GYiY0Y+L+Za2P9hOhs2Potx71ZyyiFl9SYy9aE4cTHcjcABxO70D20g07EVc72F7W/EsHLAvzg79U1eUHk5eziPvM7tX+AJA3dDLQ4MJM+fyf4TFRwrsZGxzICz0ooTFcZZpq59RCSzYL7fD3JqBimxFRQ12bFC5/hAUOrsOIGYuRmdQQCgi9V1L3fpOHnbbErIdfzoAazUO4CIFo7vzvML6Rbft1FXAwtSQnGmYoS5Be5A1GBanoEhHLy1Zsx1nv4/0queuTiOidOMGKfpfNN58anM1IH7RAVWbJQedYJmJgtm+e9iDOO67UONOnyQp9OPceH9TDI6bFg9AC5sx68d1SFM1eOKI5mSYMQYG5L2ixiBgp5N6HWgkD4GCnsdbAwBjYm1Kxp5MbcK17kAhr/bvHjpuHgdWg3gUhH30CpfF6BXOtLm6indf5zyty9jc4NuYaoywq9HFw3U2ThmB31Hs/qSheN2QKOlz90OVLQWDdB43IJ7vt8sShvdoz3cQOYT6Thfz8HyYT7mxE1kTvW7Xk8kMx9fRfItUB2I0Lh1/igkLOdb83qp1VS+n7ytbCfFVVVUHSog+40Kuoba1KQ+aEIb5qR0ex7FJxy4zjmwlhWQvS0fq9+Amnr+fIwqL9ZqK94wPSkLu37ipvtMaMNcWHKzKThUQUVlIXnZZmxeFYbF6aGbFoxPJy1ehbfeTHZuIRVVVVS8m8eLL2yloNavVaRPxKTVk7k+nRhcWHJ9g6FgIP0+Ayqvld2vFvjuYThno+rdPF7MKab7EKSbxuoKSquGJMLFMBNky6D7MwgA6xfPYTP+zyAAjOdPWUbwf44Bv2cWQkS/ZDmpdTmUnvPbOCuN1BIrpc4aivJrQKUjZXEynoNVXWWmZrLhW5D7joWiN6wUKZs109JReYGOpn5YMguS92OtdKNKmE9qBN33scxNzp4aKg4WUAEQpka/eHXXgGJIaDCtzsKTm0NRbSkFSqdfNSmFxJheug6aNFY/XM/WvTbMrxcSl5VBzLy1ZLXlsX1/BQXbK5RrU6OblYhXaWHok41oj1hwlBXgUCejS9ZjDOFViOFnVHt7e/vgPz68wuB6PC7l/gHt9fvaHpcLTxuotVrUg2w3+fahQhOtGdoR2lY3LrcXIrT0c1l98OI+58ZLH+eq7D+Y70IEr6TGxt1Thv6JvhE/mxAotVYbwH39gZcb6n0EJFyDNjqYHajQRF9nwDDo/YuRJMR5P4a43kbKIsNJCO2BhBAhFmQ3QQgx1G5UN0F6gkIIQMJACKGQMBBCABIGQgiFhIEQApAwEEIoJAyEEICEgRBCIWEghAAkDIQQCgkDIQQgYSCEUEgYCCEACQMhhELCQAgBSBgIIRQSBkIIQMJACKGQMBBCABIGQgiFhIEQAgjBuglm/4VRIidQtOpOjD0WV+lcLKXaf3GVMTz36D38YOj/0lchRACCbBmc5n3/ZfhazvPnaqC6udsqS+9Xn8YMmOv9V1m6woETzcEdXggRMiN6RSVvUwWFh0qpsbt9qypr4kian07G3JhheGE2inLLcMQuYNX9IVuGtVeuygLM1e6+C0QlkvmNFNwlO8g/Mp6MDctJiui7uLJXKvaYOY7vs7Jw+61n+P1mAuLFtjebHeVO38twNWqVF/cZK5Y9ViqqM9m0xm+58mHBib3Wiq0tAZQ1mave3sLeegNLfrKS5BAeyd1kw1rr6ruAVksaLqxHbbjOqaiqh6QZ/e4VR50VK1rSYPBh4Cgi+3ULzF1H1gMxg92LGAJBhsFkFulP8VpnV2E8i2YARLH+8MWuroI+ikyAaePB3tVVMEYPbtFV5wElCML1pK9ZTZpeWdnQVUNB7k4q6oswV81kZfINWfFw0L7wePBc8vBFiPerX7KJXyxRXpTv4Pm9NrTzNrBpib57uQ1Z6O1qjPEhPoHr8fquGY/3Bh5UBCLolkHmkjnYr9k6mc1Zk9ncc/MMI/Z+a6B+tFVRWOYEtKSs3kCa/59vbRJL128iNUyLrjMHvDjKdpFfZsXZ7EWl1hI3N4OlDyShDQNwUPTqdiyk8NhCL8X7K7A3e1FFG0hbtpa0qcpu3FYK881U2H2rOWuiDaQue4zUWBVQxc7f7sU2bQnPruio4zv2a2LdxnS614G+8lYPgI3C326hQqkpvU2lmPdZqDnjwuNVodEZ/Y4DjgPZbD8CpkfT8Rwq4JgmnWe/lTKor9JxeDe7joBpTRbpMf7flQ2X2wPhWuLmZvLYg8beW1luC3mvFtGoMrBk3UqSo4AzFnbmF2N1uvGqNOgSUlm+LJWYcOXcy514ACpz2VId+laRGLwgw6DnkuzKDIGzx5LsyixDbSiWZK87QaMXiE0hY2ov70do8V/71b53GznlLojQYUiYwBWnDVvJTrY5OroSXjyXPHiaS8l7R4t+mgFDeCM2p42iPYUkPZmBDidFr+dR6tRgXJBJQriT45UVFL5dSNymTPR84duHx7+OV/aLh4DrwFYLeTmF2NQ6DFONqLznaWyooTCnBZ7ZQGoEeD0ePJdcFL+RhypcjSpqzMC+P/8z9HjwXOqqpDu/K7UOQ3wcuBqxleSRq36GrMU9Puy2sONlMzavFlNHEDSY2brdgitcR9KCNLSXjnHsaCHZDhcbnswcqX3SL40Q//+5QqOzl80trdSG6hCui3gAtS6m/2XPzxWz94gLtClseGop+jAAN5btWzHXFWKuNrGyo6WiTmLlppUkhQM4Kdy2jVKnAxugw4b9DDA1lZUPmlABpvvScLk0g+w7J7PyJ8lYXn8ec52BjJ+sxQRADJlrdKinGTprYue729hWYqf+BKTO6fi8CsODT7J2QQiH8c4Vsbu853cFziYnulgN4DcG0WbH/FpHEGwicyqAi+J9FlxhBjKfXItJA2AiY0Y+L+Za2P9hOhseyOLZ6Wa25lhgzuprui3i5hp5Ya3ynbLHfZ0Bsg519TjaIGZuRucfbtBgWphIUX0Vp+rt0BEG4RoiwzvK6NBGAZ3BNpPEqWZsDYW88EIx2hgDxjmppM8ZgiHKM+Vsf2cnbi+oJ6WQMTUScOLt1rzQoNOHeDy/zo6Tnt8V6GJ13cu1OSl+JQfrORWGhzcoQQBgpd4BRLRwfHeeX/i3AGCvq4EFg+vOiBtj5N2BOF3v63831FLVFthHxoX3aEOEjxlgCqoxrdvE2vtTMESr8DhqsOzJYcs2M/YAzyEg1TvJ3leDKyKJjBVZLJ0LlUdsITxA/675rnpqtmF1AnhprLX6+v/+wlQ9vttIpiQYMcbKZORwF/RsQq8DhfQxUNjrYOMARZgwJRRTUGtld64F/WqTMhDoY9+7jdz6iaSvWIkpRocWG40nLHjmmzq7FfYqG25AH63Dr/rvhxbDfUsx3AfgxbZ7GzsqKyg9ntnV1ejB28aA4tZefwovGlIeXkrKVIAMDB4Hz++9AYEQrUUDNB634J7vNy3b8xrCtJjWrUN3aBvmWjM7y42snacBdGg1gCeSmY+vInnkVTNfeiOvm4CalMfX4diWg6XOzNbfWjAkGkmM8HD8RA02pwfCIyECmJRGanwF5joz295wkZ6ow91gofSor2/80PwApx7batj52wLOxqeSsXgmE8PPY3e6AQ2aKAAVqjCgvpSdh8aRFH0eW1kpFc0EMCF/ntqyClQ6A0nRGsCO7agN71QDqjYXFbVnB/1NDUh8OmnxxzDXmcnOdZE+awo4jlFUdhbj41ksTVDKRRmZOVWLfvVKGn+XR9W+HMyTNpE51UD6fQaO7bWy+9UCrjyUhiHqPPYjZexv0JO1Ia3bjIS7qYaKMhcTFyQjIwfDQ4hnE2D94jlspsdsAuP5U5YRQjGbABCmJ/PJJ9Hlv0XRcRFgpWkAAAH5SURBVCe2Sicddadab2Lp8kySNAAaTKvX4X4tl+ITpRSc8JVRaZNYvmFpt77x9U0hIVGD7WgRedVFyjmoiVm8nEw9QApp80uxljmpOZhPTZgK3aw0ki8VUXWdvSYlGiiss2HdX4A1Nh3jhmWkH8+h6MgOXjgChGlIStAA17mbMGQ0mFZn4cnNoai2lAKl06+alEJiTC+hGWZk+QoT9u0WLLl5xD2ziuR5a8lqy2P7/goKtlco5dToZiV2tZJiZ2KMtmBpKqWgSU1ydDL66Tfg8kS/RrW3t7cP/uM3KQx68LhceNpApdGiCe+jUKsbl9sLEVq0g74XyYv7nBsvKjTRmmuT1OPCdQnUWi3qQIPG48J1qfv+vG4X7tY+jnEjBP1d9fM9dbwf1P+LL4+SGht3Txn6J/pGYDfhWmqttv9pxnAN2uhgj6RCE32ddr96EH+4e/mMSqO9uff+B/1d9fM99fu+uBlCPMwzhjhdL5sjw0noZbMQYvgIspsghBhqN6qbIBNAQghAwkAIoZAwEEIAEgZCCIWEgRACkDAQQigkDIQQgISBEEIhYSCEACQMhBAKCQMhBCBhIIRQSBgIIQAJAyGEQsJACAFIGAghFBIGQghAwkAIoZAwEEIAEgZCCIWEgRACkDAQQigkDIQQgISBEEIhYSCEAOD/A3znSD/BIgYFAAAAAElFTkSuQmCC\" alt=\"\"></p><p>ayuda</p><p><br></p>', 'cerrado', '2023-04-04 15:50:48', NULL, NULL, 1),
(17, 3, 1, 'HDMI', '<p>No proyecta la imagen&nbsp;</p>', 'abierto', '2023-04-05 16:14:20', NULL, NULL, 1),
(18, 1, 1, 'monitor', '<p>No enciende</p>', 'cerrado', '2023-04-06 12:18:01', NULL, NULL, 1),
(19, 1, 2, 'antivirus', '<p>Necesita actualizaciones</p>', 'cerrado', '2023-04-07 08:25:39', NULL, NULL, 1),
(20, 1, 1, 'Teclado', '<p>No lo reconoce el ordenador</p>', 'abierto', '2023-04-07 08:27:19', 2, '2024-05-29 12:38:10', 1),
(21, 3, 4, 'Mantenimiento', '<p>Pueden dar mantenimiento a mi equipo</p>', 'cerrado', '2023-04-07 08:28:32', NULL, NULL, 1),
(22, 1, 2, 'office', '<p>no me funciona&nbsp;</p>', 'cerrado', '2024-05-02 12:07:25', NULL, NULL, 1),
(23, 1, 1, 'teclado', '<p>No se detecta</p>', 'abierto', '2024-05-01 00:00:00', NULL, NULL, 1),
(24, 1, 2, 'Antivirus', '<p>Necesita actualización</p>', 'abierto', '2023-05-11 16:19:32', NULL, NULL, 1),
(25, 1, 4, 'mantenimiento', '<p>mantenimiento a impresora</p>', 'abierto', '2023-06-21 09:24:33', 2, '2024-05-31 12:09:27', 1),
(26, 1, 1, 'pantalla negra', '<p>no responde la pantalla</p>', 'abierto', '2024-02-26 15:32:49', NULL, NULL, 1),
(27, 7, 1, 'sdasdsad', '<p>sdsasa</p>', 'abierto', '2024-02-26 16:34:29', NULL, NULL, 1),
(28, 1, 3, 'sasxsx', 'pppppp', 'abierto', '2024-03-20 15:58:28', NULL, NULL, 1);

-- --------------------------------------------------------

--
-- Estructura de tabla para la tabla `tm_usuario`
--

CREATE TABLE `tm_usuario` (
  `usu_id` int(11) NOT NULL,
  `usu_nom` varchar(150) DEFAULT NULL,
  `usu_ape` varchar(150) DEFAULT NULL,
  `usu_correo` varchar(150) NOT NULL,
  `usu_pass` varchar(29) NOT NULL,
  `rol_id` int(11) DEFAULT NULL,
  `edit` int(11) DEFAULT NULL,
  `fech_crea` datetime DEFAULT NULL,
  `fech_modi` datetime DEFAULT NULL,
  `fech_elim` datetime DEFAULT NULL,
  `est` int(11) NOT NULL
) ENGINE=InnoDB DEFAULT CHARSET=utf8 COLLATE=utf8_spanish_ci COMMENT='Tabla mantenedor de usuarios';

--
-- Volcado de datos para la tabla `tm_usuario`
--

INSERT INTO `tm_usuario` (`usu_id`, `usu_nom`, `usu_ape`, `usu_correo`, `usu_pass`, `rol_id`, `edit`, `fech_crea`, `fech_modi`, `fech_elim`, `est`) VALUES
(1, 'Luiz', 'Hernandez', 'luisrin150@gmail.com', 'lEfQgJzfwoxFCDEmmE9h0H0+7busA', 1, NULL, '2023-03-02 12:40:04', NULL, NULL, 1),
(2, 'Gerardo', 'Rincon', 'gera21@gmail.com', '12345', 2, NULL, '2023-03-06 12:40:17', NULL, NULL, 1),
(3, 'Saull', 'Perez', 'perez21@gmail.com', 'lEfQgJzfwoxFCDEmmE9h0H0+7busA', 2, 2, '2023-03-06 12:40:17', NULL, '2023-06-19 14:35:17', 1),
(5, 'carlos', 'san', 'car21@gmail.com', 'lEfQgJzfwoxFCDEmmE9h0H0+7busA', 1, NULL, '2023-06-16 10:50:11', NULL, NULL, 1),
(8, 'Marco', 'Mendoza', 'men21@gmail.com', 'lEfQgJzfwoxFCDEmmE9h0H0+7busA', 1, NULL, '2023-06-19 14:07:27', NULL, '2023-06-19 14:34:58', 0),
(9, 'Marta', 'Perez', 'mar21@gmail.com', '123456', 2, NULL, '2023-06-19 14:10:50', NULL, '2023-06-19 14:35:07', 1),
(10, 'Yazmin', 'Sanch', 'yaz21@gmail.com', 'lEfQgJzfwoxFCDEmmE9h0H0+7busA', 1, NULL, '2023-06-19 14:14:02', NULL, NULL, 1),
(11, 'pato', 'pink', 'pin21@mail.com', 'lEfQgJzfwoxFCDEmmE9h0H0+7busA', 1, NULL, '2023-06-19 14:34:35', NULL, '2023-06-19 14:34:53', 0),
(12, 'Martin', 'Barce', 'boc23@gmail.com', 'lEfQgJzfwoxFCDEmmE9h0H0+7busA', 2, 2, '2023-06-19 14:45:53', NULL, NULL, 1),
(13, 'Frannk', 'Mares', 'fran22@gmail.com', 'lEfQgJzfwoxFCDEmmE9h0H0+7busA', 2, NULL, '2024-04-02 17:24:10', NULL, '2024-04-23 15:50:07', 0),
(14, 'Dam', 'Aguilar', 'dam21@gmail.com', 'lEfQgJzfwoxFCDEmmE9h0H0+7busA', 1, NULL, '2024-04-11 21:33:15', NULL, NULL, 1),
(15, 'demo', 'dem', 'dem21@gmail.com', 'lEfQgJzfwoxFCDEmmE9h0H0+7busA', 1, NULL, '2024-04-15 13:42:36', NULL, NULL, 1),
(16, 'bbbbb', 'bbbbbb', 'bb20@gmail.com', 'lEfQgJzfwoxFCDEmmE9h0H0+7busA', 1, 2, '2024-04-15 22:35:50', NULL, NULL, 1),
(20, 'nnnn', 'nnnn', 'nn21@gmail.com', '654321', 1, NULL, '2024-04-17 21:03:40', NULL, NULL, 1),
(21, 'liii', 'liiii', 'li22@gmail.com', 'lEfQgJzfwoxFCDEmmE9h0H0+7busA', 1, NULL, '2024-05-27 12:17:01', NULL, NULL, 1),
(23, 'naye', 'sanches', 'nay21@gmail.com', 'I3hdXuyWQs02vsylIIOgnW/C85SZ7', 1, NULL, '2024-05-28 16:25:54', NULL, NULL, 1),
(24, 'Dam', 'Aguilar', 'dam21@gmail.com', 'HtdV9+Nfe+RnWqndHGR3T1SIDyJhO', 1, NULL, '2024-06-03 10:11:18', NULL, NULL, 1),
(25, 'sele', 'sanches', 'se21@gmail.com', 'ILzIyLIvxfBK6tHeG+C2Ac5Tvt2SW', 1, NULL, '2024-06-03 10:48:25', NULL, NULL, 1),
(26, 'demi', 'demi', 'demi21@gmail.com', 'xelbVMumzKreIGJJVi76c0oP6PzhW', 1, NULL, '2024-06-03 11:55:13', NULL, NULL, 1);

--
-- Índices para tablas volcadas
--

--
-- Indices de la tabla `td_ticketdetalle`
--
ALTER TABLE `td_ticketdetalle`
  ADD PRIMARY KEY (`tickd_id`);

--
-- Indices de la tabla `tm_categoria`
--
ALTER TABLE `tm_categoria`
  ADD PRIMARY KEY (`cat_id`);

--
-- Indices de la tabla `tm_ticket`
--
ALTER TABLE `tm_ticket`
  ADD PRIMARY KEY (`tick_id`),
  ADD KEY `tick_id` (`tick_id`);

--
-- Indices de la tabla `tm_usuario`
--
ALTER TABLE `tm_usuario`
  ADD PRIMARY KEY (`usu_id`);

--
-- AUTO_INCREMENT de las tablas volcadas
--

--
-- AUTO_INCREMENT de la tabla `td_ticketdetalle`
--
ALTER TABLE `td_ticketdetalle`
  MODIFY `tickd_id` int(11) NOT NULL AUTO_INCREMENT, AUTO_INCREMENT=58;

--
-- AUTO_INCREMENT de la tabla `tm_categoria`
--
ALTER TABLE `tm_categoria`
  MODIFY `cat_id` int(11) NOT NULL AUTO_INCREMENT, AUTO_INCREMENT=5;

--
-- AUTO_INCREMENT de la tabla `tm_ticket`
--
ALTER TABLE `tm_ticket`
  MODIFY `tick_id` int(11) NOT NULL AUTO_INCREMENT, AUTO_INCREMENT=29;

--
-- AUTO_INCREMENT de la tabla `tm_usuario`
--
ALTER TABLE `tm_usuario`
  MODIFY `usu_id` int(11) NOT NULL AUTO_INCREMENT, AUTO_INCREMENT=27;
COMMIT;

/*!40101 SET CHARACTER_SET_CLIENT=@OLD_CHARACTER_SET_CLIENT */;
/*!40101 SET CHARACTER_SET_RESULTS=@OLD_CHARACTER_SET_RESULTS */;
/*!40101 SET COLLATION_CONNECTION=@OLD_COLLATION_CONNECTION */;
